game	rel	sha256	size
NR	action/eventnameid.txt	86bd257377abe7de6624fdec96c22cc949ab57d8a1b0551ad1c9115af5536fa8	96224
NR	action/script/c0000.hks	2ec9f8ad913a8a6f1cf4a6f4794692a59e1fecda156bc9a87b3068f226c0dc1d	1608240
NR	action/script/c4420.hks	6b5e0e97203b54eb2f148bcff98c90c768ff9b86d443f6e1699a09160efd7b39	35104
NR	action/script/c4620.hks	6b5e0e97203b54eb2f148bcff98c90c768ff9b86d443f6e1699a09160efd7b39	35104
NR	action/script/c5110.hks	049fa95099ed1e431729c7cee7ff80dfe1c16155cd840cf0507e29cd458ddfc0	35344
NR	action/script/c5160.hks	6b5e0e97203b54eb2f148bcff98c90c768ff9b86d443f6e1699a09160efd7b39	35104
NR	action/script/c5830.hks	888ccc009c9a1bc90990630a4d668bdfa8199a4ca2645cc885f671e4f40bd25c	36080
NR	action/script/c9997.hks	19b09e7f6c641048220cd0d01c8b8407cd92648541239d6f7195193bf983845b	763680
NR	action/statenameid.txt	8b64cc49b26538bac6a780d637c81631b84e62ed7d749b2570438edebf1326e8	74560
NR	action/variablenameid.txt	ede482507becd220b2f44025660220aa9b746a80d5c68467eaa236f9d04a201b	21488
NR	chr/c0000.anibnd.dcx	610f553520e5127da7366fe6c619683acac11b7aee6f6b2450b8186af0b573e1	5915456
NR	chr/c0000.behbnd.dcx	d4a80fc4472d3486551c8bc01749dbf109a0f94b7dd02e7d06300ce92146fdaf	515264
NR	chr/c0000.chrbnd.dcx	a6cb778338e2387ab944fe923413fd072d59e6bdcd2dfc02328f2e55e2aa87f0	53744
NR	chr/c0000_a0x.anibnd.dcx	72cbbf85b451d1848a8cca17c8d25332e708e950beb86db251a636e00b4cfe59	1844080
NR	chr/c0000_a1x.anibnd.dcx	cd01d1946cad92cc6768475e9f287adaaa16d862ab2939d6b96cda2a677c11aa	3365888
NR	chr/c0000_a2x.anibnd.dcx	8199c234c7b9e64e03d680dac7d8f28f66e523ff06bf741ebaefa37b88e69bc2	8591520
NR	chr/c0000_a3x.anibnd.dcx	fa8a4a45170dbf944c806356187b7141012a81ab094f182cbbf8b536dd753dbe	10368848
NR	chr/c0000_a4x.anibnd.dcx	d80deda364729d4ab09923e9532bef3d6d9b0dbf1c38fecbc79424861f0ba3d8	5609712
NR	chr/c0000_a5x.anibnd.dcx	305ef818723a26b7fb8bdb76473c4e56c7bfe50cd381d68701026e895ce381f9	1286864
NR	chr/c0000_a6x.anibnd.dcx	17ba9c87f1e381f11d93b95640f1cb04fe5ccde0fc47c031c3614262408ffa55	57824
NR	chr/c0000_a9x.anibnd.dcx	eda09b1adc8b5e1c2651a0b32c2e31bca9f8d96f1a59543c402a2ddc3f63232f	35788048
NR	chr/c0010.anibnd.dcx	7034b99ac850a9c03b860a6bd7297a7f5538e10abecc4ed0283913a8ec38852f	1170800
NR	chr/c2500.anibnd.dcx	01bce32df1c054ad237a80d672b1023d6700b5cefb370d258f47b3be3ca1f50a	101424
NR	chr/c2500.behbnd.dcx	ba698fecbef4d3d532f0a39d5a5b972be28bf40b29e1ef05ac1d42d262d6579b	81216
NR	chr/c3100.anibnd.dcx	5338033189363c9c0cf76e4e6b42fbb7a17316c0dff2f6d77759f98910651e81	2580208
NR	chr/c3150.anibnd.dcx	9ab26f9c8dcb9f8dc6b1c891de1f4d0c8f2069963dc8b6293dfcfa30c5e23a86	66192
NR	chr/c3400.anibnd.dcx	e47a912859c690a8863fd3090b214cae8d80184775884c045cdea098d48db918	98368
NR	chr/c3471.chrbnd.dcx	721522ecf10c63457695b9c9ca3043ec7e1af5b51c91eade78ba82492c1599da	970000
NR	chr/c3704.chrbnd.dcx	3c2dfdd433002cd742f667af24942523eb3c3ae4acc60cc7b165c11b74a5d42b	1435248
NR	chr/c3800.anibnd.dcx	84b215298ca9e377f3a2c3e6b20574e81d5296dafb415248965f9db388294f4a	74272
NR	chr/c4340.chrbnd.dcx	45b6d580deeb00b93129475e04b7003c6a0532e04480b41e782bd897f9f430f2	1883328
NR	chr/c4420.anibnd.dcx	c5e0d9433b94947927aa760616ffea7ed9d6eb889654134bc4f0cfdcf8adfe74	2078512
NR	chr/c4420.behbnd.dcx	551d639952122875558e4ac6314a0a9dca5e73518b2b48155fed21438e97ec17	59568
NR	chr/c4420.chrbnd.dcx	b44719ad8651f237d050db7489098ee7f55821d4b8c25664ab62ac6cb3fec5ef	2881680
NR	chr/c4620.anibnd.dcx	e1ea99382bb2be2c240af58675cef5ddcafe5c78339358f19a1e0f9370ba9b3a	81504
NR	chr/c4620.behbnd.dcx	0657ec785e37cc29ccf9d0e3568138b8605ee283b89da846af4fc4f1e9679bc0	64080
NR	chr/c4620.chrbnd.dcx	7a64969212d5e09132ba82eb3260794e6d92d033d08e14564f30b9af8fea8de9	3986912
NR	chr/c4650.chrbnd.dcx	f0a0ce1106e5aecf586c2e4d58e45e7fec449ad549052215c0084dc562dc577d	6753488
NR	chr/c4670.anibnd.dcx	f8208caaee90b880c4c3dc8c7c6d8966af6d78fa015c24994da2ce27241a12ad	2667136
NR	chr/c4670.behbnd.dcx	e88ce43c13a982acb2da29e87b404df842a5c70cd9adbc56f4769209adcc9d16	59440
NR	chr/c4690.anibnd.dcx	c95c47a4bc33ef6a838387a003a27c01976ce1db3ac59b94472955def3a9bf5b	79072
NR	chr/c4690.behbnd.dcx	5595901e9a601b0c8b70f100e2a27224438b6f4f2afc373a233be363cf5549f2	66928
NR	chr/c4750.anibnd.dcx	591c69faaeda7c4f090f109245c06b0878e7efcffc10cafaf339dde200b9e4bc	74096
NR	chr/c4770.anibnd.dcx	494a08712639d87ba49caf65febee1280c3914fe1b80dafc8a4a0f93d76826b7	107696
NR	chr/c4900.anibnd.dcx	182205f58b75f631eaf2688cc35b806f7b7fdb5c445383315968cbff8658a13a	102256
NR	chr/c4900.chrbnd.dcx	72dab5b1b7568ba31ba2b9cfdaa3766fd14f35d6403635dc0e928a16cccc3b9a	4401424
NR	chr/c4900_div01.anibnd.dcx	686b93da385a276dd2686d4495fa9c3b61219d237558a17a1c216e6a649bd350	3353632
NR	chr/c4900_div02.anibnd.dcx	f84ca451727fb70a493b100d2f8fcadd4b1b795af07207863926a95f25aa8732	3430432
NR	chr/c4901.behbnd.dcx	be054be46892532fc6e0145026c7ae2c6aaa46e60c160e7d9bb86c47ac0e280e	200928
NR	chr/c4901.chrbnd.dcx	60aabd57fb401f93d697d91a62cb8e24931d6470a43a56766148df1d10444bde	14370768
NR	chr/c4960.anibnd.dcx	f0f8f8ff51c0eb060b9ece7c73cb8307eb51089250dba0702a614f1601accb80	1319328
NR	chr/c5080.anibnd.dcx	186416077d9e3bdefeee72b81ce5dd553fb825552caaf1ed615d121a3341250c	3388672
NR	chr/c5160.anibnd.dcx	91380d2643f992b3a2e3cd01b785e6294edac57ef3a50e6e92e8f3a2f4d56b30	2797472
NR	chr/c5160.behbnd.dcx	de18d41637dfed6ec49b9e54f14f8626c2ab718b802ab5bbbaa7ebdc9a893ee7	76096
NR	chr/c5160.chrbnd.dcx	e9542681b682d29378eba82be4850c34d050c65df3970601a2cc92da2ef8a014	2519728
NR	chr/c5240.anibnd.dcx	653da83f191c3e220485d68885511564e8f5fe29280ddc00569dc851eef93732	118976
NR	chr/c5240.behbnd.dcx	403f279498e752fa8fc7ed88df7a33179175acb3e2866f1d16c77a104618800d	95264
NR	chr/c5250.anibnd.dcx	050cc68c6f1684f91e2ac16141da1d89a9a6dde4aefe672ef380ddf3286c5347	81856
NR	chr/c5250.behbnd.dcx	4a239e8586717bbb4d29e739e20be5cb3d1806b61d066d89f7a2b5339cd1c4fe	67504
NR	chr/c5250.chrbnd.dcx	3b1135cb22a5d2fb204fc64c055eb29c8ec3285dc0e927205d711333260c5763	5212048
NR	chr/c5310.anibnd.dcx	301b1ecfca814f1874321793760f3bce9abe805032aa815a21bbf3662dcd2f4b	86208
NR	chr/c5312.behbnd.dcx	1737e224113c5be04701d3d644de5ac9373d27dbda9aa861b7b53493178d27db	199024
NR	chr/c5860.anibnd.dcx	3921f4e33f6cb1fb879c0f8904d7d9e9a02fe34dca1753b194e3b1446ded27f7	74752
NR	chr/c5860.behbnd.dcx	d55713e37bfe0d18f0d51df913d5fc3407a566acb2f51ab128563ebf8ff39f38	60752
NR	chr/c6060.anibnd.dcx	d16b06d93e0133a8b8a06ad18cce8e376859105f4c5466762e940a2641e532e4	608704
NR	chr/c6060.behbnd.dcx	c1062ebd9a9b2d9d877dd2af44f2f3b87f25641afe9f4a0211eec93527bc5004	60928
NR	chr/c6060.chrbnd.dcx	3419d04349627db1f0db19f4efa43c1ac15b0f4a607b52d0d8342b7b5e42387d	321680
NR	chr/c7100.anibnd.dcx	0ecca7d7c6ae02a44fc91ab0c2aff53fb790e40207aa500c1e5b6b36ccead4db	57440
NR	chr/c7100.behbnd.dcx	cde0631607d11793037f377d027056df2d2b5bdc735ad66877db1761e0c823ff	72320
NR	chr/c7500.anibnd.dcx	8579e6e84484ae542be2ba2b5e6483d02703e31c7b5f45935ce9f9e8fe6a5ef1	117968
NR	chr/c7500.behbnd.dcx	bad8cd8600ecb6e399bc5aa8dd95bda2ef020bdd697021886b3e7f333810e424	64096
NR	chr/c7500.chrbnd.dcx	d82c2a7b0b437f18809ec52b1d5cff598ac590dc7abfc1bdec2ee471d9cafa33	16849088
NR	chr/c7510.anibnd.dcx	87714c9f837a7a5a90369743ddb29fcf4107cb4065b8edc41e0c56ad22ec46db	3623168
NR	chr/c7510.behbnd.dcx	66d756d8023dceb2ff7c822e16f6945ec2b82c313cdf2ebf1a9285cddb0bb160	59280
NR	chr/c7520.anibnd.dcx	33dd109fd6230918b27960f61a2e8c8ea6aaf5d673b9573518e031004f5559df	3873456
NR	chr/c7520.chrbnd.dcx	5a92a339b1bc7e4cd0958695b07fa88223988aa4d5c0970cecd69640d154e475	3916704
NR	chr/c7540.anibnd.dcx	0b5c21f2997b45b1c0a5ab823357e8693596841cb0ddbcc0d3792375133610e1	57216
NR	chr/c7540.chrbnd.dcx	84a723120dd25613ffbd92dde63e0bf80672e3572aaf5aaeeb3012e828bd6d2c	1517520
NR	chr/c7560.anibnd.dcx	6a263646f51fe0649530c10cde43ad0f039c180d5397324d020011c7ace4fc48	2125328
NR	chr/c7561.behbnd.dcx	37355fc49fe338212fa281d041279f4ef9d884187bb69de7561b33c28aa226ab	193904
NR	chr/c7561.chrbnd.dcx	5f1c34d9740bcace665f519b0da7cef9aafc40e6bb3a10d73fea33b984372a1a	10850528
NR	chr/c7580.anibnd.dcx	664cee40351b4faeb8f98ec357d132fe5a1d7897a4bdfad0fd5804ecc70bd8fa	2285936
NR	chr/c7580.behbnd.dcx	8bcde7dc49892dd6823a01bc1310db2108420f8379784056f0450928eb652f76	57264
NR	chr/c7580.chrbnd.dcx	4044cd8889effbbddc75f8e70c422ae11f5538aacb51cc305c407f9646c905fb	6274512
NR	chr/c7600.anibnd.dcx	549353d67767776c4b993391daf28761d5c302750fbb289c7cced252fdb0b4c8	3346336
NR	chr/c7600.behbnd.dcx	b6861d2c81b215ac5402af02d3be007a6090fd2760cf363dffa1234ea07d2cb3	56416
NR	chr/c7600.chrbnd.dcx	7aeed3a29118f73ca4d5c30a38778bfee5658fe2b3b4561d18d65dcfd4e96f19	4743232
NR	chr/c7610.anibnd.dcx	a61c4eb23add96658eda9f43d7bc3d5eb8c16409f210ac845a21f87ffb39e273	99344
NR	chr/c7610.behbnd.dcx	3ebd912273fa9063079559c4ab43ed92380a993e2f86119ec7a4fe642af2b71e	61584
NR	chr/c7610.chrbnd.dcx	2db72f423b977af3e7eb2ef4fe97a0f575bbdd667bbbfb3b77c1550a86b488c0	6434144
NR	chr/c7610_div00.anibnd.dcx	0bb037415667d72e6c1dd1d6b1008369cff1ada8f0d08828607026442950f4f5	1894272
NR	chr/c7610_div01.anibnd.dcx	423328123685139ca9a559dc7527862089493136bd960e57d91cf7b4df424ce7	2246768
NR	event/common.emevd.dcx	0018635b07959514cd9f1df4e4889959b649c04e175567e6d8a8e2f11b0e2805	13056
NR	event/common_func.emevd.dcx	374186fcc2782fa9eabceee4f8ada8854c50db309cc7d476d262ef3b7b105794	74384
NR	event/m10_00_00_00.emevd.dcx	a4d87caebe834496f66b958e1fcde0190006cb97ace6805ab1a02a00c642d55b	23232
NR	event/m18_00_00_00.emevd.dcx	685531433fb79cb955e9d6b864098128e9dbd0097610e5aa6b3c1fdcc1a4fed4	2176
NR	event/m19_00_00_00.emevd.dcx	11099e87c3308c3d00994872a145504b210fbdb9c1e1599402687a6ef47fc245	6112
NR	event/m30_00_00_00.emevd.dcx	d41e3c7711657b1419f472b77a1b992de8c739d3f6d5e0e2ab1aabec920efdde	1296
NR	event/m30_30_00_00.emevd.dcx	47e4a3c376d8e8975cb6a4be890a8654bc79c50b6f62899af70eabcf46ebc516	1888
NR	event/m38_00_00_00.emevd.dcx	b7c972529059c879f2e8f8eb2d0ae41815a9d8c3ca3dccfafa7b28090e8c3827	1008
NR	event/m38_10_00_00.emevd.dcx	fc1ae7e749e6adaa5e0501c3effe71d5b8c72f405b78f2c53b57f4800c7ee27d	1280
NR	event/m45_51_00_00.emevd.dcx	3663ad95c64af8900ecefec7267371507657f23c85f3127036af1d921e39f0cf	688
NR	event/m46_51_00_00.emevd.dcx	715f9d1459d2f81d40099b8a47e0569d5da329d7bcb2e70de732badddca0bf67	688
NR	event/m46_52_00_00.emevd.dcx	58140152c55f8e2b4da2be0ef8aebede42cf864f7be6d259ca41feeda28c1973	752
NR	event/m46_53_00_00.emevd.dcx	9b2172c0f0065d59ed35a72059388dba962d1cf61ab43d892fd73ee7ebbb2a5f	752
NR	event/m46_54_00_00.emevd.dcx	c72283c88c3da7b3a689cc7cd6a49fff62c7f72f918a8985d687cdfd30ae8c24	752
NR	event/m46_55_00_00.emevd.dcx	4afa93bc02add61658fc17f0a0b58760bf7baeb8e608a8b80611369510338846	688
NR	event/m46_56_00_00.emevd.dcx	0aeaba4786d0204f12b9f0da9034ca9e5fdf9d2c5f0a42ce231156603f99663a	688
NR	event/m46_57_00_00.emevd.dcx	1be51804f7bbf10305709b63fe19545e5b16162221efc821a25066add0aa9242	688
NR	event/m46_58_00_00.emevd.dcx	187874c8066605c809983744776b54e1196cbf94847d7ccb47ccdb55cc318844	688
NR	event/m46_59_00_00.emevd.dcx	2b3ef8a8cb6e714d5dd99e91dd5b2c99c1788c43b3b5f0c9e215c715d02b162b	688
NR	event/m46_62_00_00.emevd.dcx	0502f94cbeba1caed3e50cfb243cca97ec653179bce5e6f47882f51939a278b4	720
NR	event/m46_63_00_00.emevd.dcx	ee5ff0ca874b0b72b473c389e191c090e73d19b6f1b9f77950e0a68716a3ebda	752
NR	event/m46_64_00_00.emevd.dcx	e692dea2ecafc552702cdd26830b8e1b29f197a83e8ad5f7822c24de993e8ed5	688
NR	event/m46_65_00_00.emevd.dcx	c6bc3bfd506ba273a047b8a45ad089d0ce7ae7ae638a19dac5dd3eba4528b400	688
NR	event/m46_66_00_00.emevd.dcx	d3a33022ccc4faea7bced4021c61ebae133755e6ae4dab6ce5ac2dbfef4e23ff	688
NR	event/m46_67_00_00.emevd.dcx	4a282519ebb855e6469e01e38cb6ab8a0bee0a3d6680e596b9568e1f2b6e3be7	688
NR	event/m46_68_00_00.emevd.dcx	16f2bb7f56a80b3fb4fb8abb0e1bddcf70e0986b2a44df3e7cce9ae75ed6814c	688
NR	event/m46_69_00_00.emevd.dcx	95d1c912a4d783f6ec3816042ba3442f476557a51aa67333d75454ee8580d034	752
NR	event/m46_70_00_00.emevd.dcx	16303654f79b4e98f6549b247431baa806bd6508d955197cc46dca9dc64932b5	816
NR	event/m46_71_00_00.emevd.dcx	c777749c7da3afc53c154b79d19b0f2d0658624219a3dbac5b1c82da134587e8	672
NR	event/m46_72_00_00.emevd.dcx	7bc735e36af5115d396fd1f33b9abb18029f2e438524efc92ca5f39db9f42a44	688
NR	event/m46_74_00_00.emevd.dcx	d49cda8cf5dcbf54d18b6a282b76c341274d1e4b12d6358ee27a19f843f928f3	688
NR	event/m46_77_00_00.emevd.dcx	40e094a65e4229c533ef719de8677ec9d23927d2596f198f8614153139fd7c9b	688
NR	event/m46_81_00_00.emevd.dcx	98a9820e3ba46008d6a1593e8a8cdef3c80d06acab4b4bac96ec905cabe8f3f8	656
NR	event/m46_82_00_00.emevd.dcx	51a1bc086c4d539e76ca7cff58a26d77a86d79240cce5c608715482bb557f82d	672
NR	event/m46_86_00_00.emevd.dcx	40d183eddf52948dc0869643c0e6ea10bb9742e91e8b1cd6adfc40e1eb6ecf18	656
NR	event/m46_87_00_00.emevd.dcx	99f741c18f469259568391f71d12f27b3f74d38420ef81ce9d1fb694a5d87ac2	656
NR	event/m46_88_00_00.emevd.dcx	4304cb775923df1b7cf942c7b4b821271afb07409eaead89b6ded5bc1bad0447	656
NR	event/m46_91_00_00.emevd.dcx	31e294dbc86badc3dd040831d26f1bdb667af71465a5068754827d8d9ec23d54	656
NR	event/m46_95_00_00.emevd.dcx	394c55140facd6bb17377b459bccdba436f81aad40b3b5ed9cc4c3631639d481	720
NR	event/m47_80_00_00.emevd.dcx	71d546dd495ccf3087cb49c1c6e98e5adf06daefe36d325ea3f53d2d352f9446	1376
NR	event/m48_00_00_00.emevd.dcx	0bb3ee5e85dd53a2a10249742c16d3d00d328f768938b38239d6b4b5205b551a	1472
NR	event/m48_70_00_00.emevd.dcx	9d13ffac23445c29c5fe71b13c2d26774dd24f46abb3da7555fd81b3231b9634	1104
NR	event/m48_80_00_00.emevd.dcx	bb9e65f7c503b76741e2955e32b85139d4c158133707887541f9a934d78c8f1d	1216
NR	event/m48_90_00_00.emevd.dcx	bf7b94eaebcb2a729428cf1dd6a443268f971ab4f8e41563c0ef968d9480927a	1552
NR	event/m49_10_00_00.emevd.dcx	40b781b1fef1760a5156d56911206d7f6892206e26067e217bf307b83f42e58a	1120
NR	event/m49_17_00_00.emevd.dcx	663a1fa0744f7672ae07b47e55489ca7cd7f14472d837e9b94b44cddcf58899d	1104
NR	event/m49_18_00_00.emevd.dcx	22b2020b13ee4641b54a10d9c2f5a479ac14c227347b17b237eaf4499b6888a6	1120
NR	event/m49_20_00_00.emevd.dcx	fa685f83d0688bda7a800e55546172c237d8ccb53484d2dea63e53b6c8945982	1120
NR	event/m49_21_00_00.emevd.dcx	c0bedcdc5c22cbd3757b69fa489de0333f860edbdbba53274a8487d3439d785e	1104
NR	event/m49_23_00_00.emevd.dcx	2395692a65b56983592023b91cbf6e4f98f7ea6ed5a39378803937be9988ca32	1104
NR	event/m49_24_00_00.emevd.dcx	5ae7ae2b989a8eba57554f291f45b764ab616d8f1aed9bb3c12c64800a739842	1088
NR	event/m49_25_00_00.emevd.dcx	70883bd1d40574ab9e729e9fbffb7cd22061d4df83343861b674b84fecf5eb72	1280
NR	event/m49_26_00_00.emevd.dcx	8679dd6ea4fc19fc5be5a6bfa51c922ea61f5cf0219d275cbb4cd13777cb5e36	1328
NR	event/m49_28_00_00.emevd.dcx	15965ab7057eb6c3363e22fdeed0dacbb58c37bda7e41fe37299528937ca2568	1280
NR	event/m49_30_00_00.emevd.dcx	f48a6ceb00692c943dd90ed70447e3224ec29ae7eb2f93c5a96d392fc9748d45	1104
NR	event/m49_90_00_00.emevd.dcx	5e49581b84615a869b3994f9f0a6c8443aeaf2d5975c21bdadbd5f9d4e060f69	1104
NR	event/m52_13_00_00.emevd.dcx	af51124bbcf3b820047744a0b3c59e0a70025be91df79b76ceb1d43cd9b8c582	1376
NR	event/m60_42_36_00.emevd.dcx	24b73988f66813f5f61ff90ac04f9d8a6fa5eb543555c00c27384f5bb6734cc3	1392
NR	event/m60_42_36_10.emevd.dcx	24b73988f66813f5f61ff90ac04f9d8a6fa5eb543555c00c27384f5bb6734cc3	1392
NR	event/m60_42_36_20.emevd.dcx	24b73988f66813f5f61ff90ac04f9d8a6fa5eb543555c00c27384f5bb6734cc3	1392
NR	event/m60_42_36_50.emevd.dcx	5c3a8ec54ad9f1f9ac5eba57ae30c5ef5511cbcd9310f9f6a3bcc41577f6ad3b	1792
NR	event/m60_42_39_00.emevd.dcx	a256068cd0897acbcf1c70e41c7cd92ccccd4208895d999aaa8ae1c082a8ffb9	816
NR	event/m60_42_39_20.emevd.dcx	a256068cd0897acbcf1c70e41c7cd92ccccd4208895d999aaa8ae1c082a8ffb9	816
NR	event/m60_42_39_50.emevd.dcx	a256068cd0897acbcf1c70e41c7cd92ccccd4208895d999aaa8ae1c082a8ffb9	816
NR	event/m60_43_37_10.emevd.dcx	2a42025a158bc0e13fb138f9fe1571362e3aaf490016403d1a3711ea7f893a4f	1744
NR	event/m60_43_37_20.emevd.dcx	2a42025a158bc0e13fb138f9fe1571362e3aaf490016403d1a3711ea7f893a4f	1744
NR	event/m60_43_37_50.emevd.dcx	c22ce27dc07e1d1b2239abfd985fd8638378068d8678478f0aa720975ca9deed	944
NR	event/m60_44_37_00.emevd.dcx	bbf61c98375f39e049c41238b10911512db17aae58a16331e6501476f058ef0a	1024
NR	event/m60_44_37_20.emevd.dcx	bbf61c98375f39e049c41238b10911512db17aae58a16331e6501476f058ef0a	1024
NR	event/m60_44_37_50.emevd.dcx	12ac2c04ab0f3ff3161a545ed9cea1e9af8446011db781e9796a3740299b1d33	384
NR	event/m60_44_38_20.emevd.dcx	57a8495d07a6ff4f43d1a7a2925438e55a575b05e9d5d541ba3cb990320fd74d	1296
NR	event/m60_44_39_00.emevd.dcx	152ba52d99cbfda113e4914d8cd245a2adbd92ed05e7a1a9e67fa075e95976ce	2048
NR	event/m60_44_39_30.emevd.dcx	152ba52d99cbfda113e4914d8cd245a2adbd92ed05e7a1a9e67fa075e95976ce	2048
NR	event/m60_44_39_50.emevd.dcx	152ba52d99cbfda113e4914d8cd245a2adbd92ed05e7a1a9e67fa075e95976ce	2048
NR	event/m60_45_36_30.emevd.dcx	9253625344f892777f857224d4bc472df6ed2ea67c5224a1e638d2a3c8e6b438	960
NR	event/m60_45_38_00.emevd.dcx	81a670001da029cebe8d34588ffcae3367e5f65b15c93daf2a4141b7e5a3002b	528
NR	event/m60_45_38_20.emevd.dcx	81a670001da029cebe8d34588ffcae3367e5f65b15c93daf2a4141b7e5a3002b	528
NR	event/m60_45_38_30.emevd.dcx	81a670001da029cebe8d34588ffcae3367e5f65b15c93daf2a4141b7e5a3002b	528
NR	event/m60_45_38_50.emevd.dcx	81a670001da029cebe8d34588ffcae3367e5f65b15c93daf2a4141b7e5a3002b	528
NR	map/m10/m10_00_00_00/m10_00_00_00_0000.btl.dcx	c44b6428602b389f59aa7128f5d349a0e39e0bddc0c72bd311e4f3f598d5d0e2	7672
NR	map/m18/m18_00_00_00/m18_00_00_00_0000.btl.dcx	f154df382bc9d62db5d75aa4c8f1a53af3697fa2429f0efe2bb56b369c27d8d2	275
NR	map/m19/m19_00_00_00/m19_00_00_00_0000.btl.dcx	f154df382bc9d62db5d75aa4c8f1a53af3697fa2429f0efe2bb56b369c27d8d2	275
NR	map/m60/m60_42_36_50/m60_42_36_50_0000.btl.dcx	5c268ce0d0a2bdd95590561970b5c2fa5d01431bcca1d5a1787ec75f545267ac	383
NR	map/m60/m60_43_36_50/m60_43_36_50_0000.btl.dcx	b757973c594a0004e2e60305a1b1a58c40ed59fdd5f57b7dec9b4a3cb1eefc32	4860
NR	map/mapstudio/m10_00_00_00.msb.dcx	5b2241e8a9aa918a13bd08236a1fefbb00985c8b13bdb308bfa0f45ac1cd99a9	95184
NR	map/mapstudio/m18_00_00_00.msb.dcx	f654f13b4e7fba22a8ba4bd6ed4cb6ecf5712fa95cb4893e5e73dd7ff5c66c00	9584
NR	map/mapstudio/m19_00_00_00.msb.dcx	089d411d160ea2ed0ea6c5d2a022c1630f078d9fba50476cfd9042b6a202fc0b	23216
NR	map/mapstudio/m30_00_00_00.msb.dcx	47338ef515ec1579622ff878cc303b67749638d7b755f0317ab50a582028c9c2	32016
NR	map/mapstudio/m30_30_00_00.msb.dcx	2ce349c186a878592fb0127cb2da5ee235608887fa63bad80fd609aefe8ca2d1	38864
NR	map/mapstudio/m38_00_00_00.msb.dcx	d059b08604fe9122a2fca433d4f84f4a31b9da236603dbd0d725925ef2c713ef	27600
NR	map/mapstudio/m38_10_00_00.msb.dcx	c875b36ffebb7212aa32d4e5f24efeb2d027be1d0ff9e76fb0bbcf5e2288f90c	33040
NR	map/mapstudio/m45_51_00_00.msb.dcx	f25607f93f497f449fe3c0db980fd110393092647955b26cf137b1c691a262b6	1680
NR	map/mapstudio/m46_50_00_00.msb.dcx	809ab3b6b01e058a9cf2a91fe224d74e079aac47cd36fd5ec923e90867385e73	2224
NR	map/mapstudio/m46_51_00_00.msb.dcx	d777cb6ae3aa6c2b74a069e34fa42c91db7c9894f9c7c50409f97e803db9584f	1680
NR	map/mapstudio/m46_52_00_00.msb.dcx	4023b48098f00aca2b10c0cba6c52f2b1807a787170bc350e3a3f7fa1734c222	800
NR	map/mapstudio/m46_53_00_00.msb.dcx	b7cfcc9db054526608ed5295c4474eb04dd6f80ade0cc2ff93c8bf0406096da1	800
NR	map/mapstudio/m46_54_00_00.msb.dcx	d4b147ae787bbac20921ff408c219e8c31ff617e03aab991493f7c4b650649ac	832
NR	map/mapstudio/m46_55_00_00.msb.dcx	058bf4f340b3a17cb2e8c0c5f9548f95ece249447631db79b45d5bc8528ca284	784
NR	map/mapstudio/m46_56_00_00.msb.dcx	e658b8ef10557d9d55b9cfdb9ee19bf941eb412d0d193004ae5d75d26efe5d88	832
NR	map/mapstudio/m46_57_00_00.msb.dcx	7679e2eef73f280faa2b5c44aff70f597871d8248810a110ee01b451f9b4c5c5	784
NR	map/mapstudio/m46_58_00_00.msb.dcx	c6014f20a039a395644a869858e76a75c8d73429f55c9879f2bb8c16035fb367	800
NR	map/mapstudio/m46_59_00_00.msb.dcx	832df96c7810fb391cf92e5bfcd73560a050c3864816edf4e08e14f3c2cb43b2	832
NR	map/mapstudio/m46_62_00_00.msb.dcx	d9628e325841f2842055bbf38ca437c6bd9c60a2497a1368bea258819d122e2b	1056
NR	map/mapstudio/m46_63_00_00.msb.dcx	77de0e1e99e8377168d46bef34dea5d78509344e0edb0df8b4b4a630061b6d14	800
NR	map/mapstudio/m46_64_00_00.msb.dcx	5e9ea2091eaebb9df8e4bd40869b012aa76b8d71ce3444e77a8e6bc0b8c84ad9	800
NR	map/mapstudio/m46_65_00_00.msb.dcx	e3030ff039d3bf5028dd2113e0d52d5ee36e7323340b650ad097b519a6ca7602	784
NR	map/mapstudio/m46_66_00_00.msb.dcx	f07ed6cf9157d696e3a3e5b0d0fbbef1922fa3b5c7d0e664c022062677d256df	800
NR	map/mapstudio/m46_67_00_00.msb.dcx	6add3ff819c06ca64a5dfc14ddef6deede693a2ebb77008c721e54f6c276bb1f	800
NR	map/mapstudio/m46_68_00_00.msb.dcx	41aaa4e9159299c62a7b608a9a0d7a2373f2b4c3d6974d489f55c45b979d774e	800
NR	map/mapstudio/m46_69_00_00.msb.dcx	7a28da56dbaca16234f0bb638db876fe98e49b615dc0188a8ae0c5d9a0d53035	784
NR	map/mapstudio/m46_70_00_00.msb.dcx	5abed3ecbc33a75bdab4ef6b180a902de638db0377bb20619fe86dd4432ed570	1216
NR	map/mapstudio/m46_71_00_00.msb.dcx	8e0d80cf45f8e70d3aa0a2684867e3e074269898883500e2103b9889cc3b4128	1392
NR	map/mapstudio/m46_72_00_00.msb.dcx	ca8b9c631a1c8df5d944e4e062fefb6c5436c381d08c4bc0561e93fe733b4c8a	816
NR	map/mapstudio/m46_74_00_00.msb.dcx	cb2c6d9d52a365b73e96752ab9a4a3d68864cfa50cc715d3f312b9980a5dadc6	800
NR	map/mapstudio/m46_77_00_00.msb.dcx	92641532e427a40b6db0443cc75c68561bc671978a629094772dc5c76f0265c9	1248
NR	map/mapstudio/m46_81_00_00.msb.dcx	87a31a7fe0a92d503afbe5bbaaed7d5ce9ddeb1b764fbfdecd277e78a9a64100	1584
NR	map/mapstudio/m46_82_00_00.msb.dcx	1f8aa31ddf73da83ee83cfc4b0736bbbfd4a07d35b04c3f4b7eea07e8a4f2717	1632
NR	map/mapstudio/m46_86_00_00.msb.dcx	1ec63e11474dce2beede0449d08f8f3b2918bbff485ea07409506bc78325a604	736
NR	map/mapstudio/m46_87_00_00.msb.dcx	1c88f1e2a75ac0244398f5a10c287e2165e2cd795838a2b4a4069928445a7ac7	752
NR	map/mapstudio/m46_88_00_00.msb.dcx	bbc9e16ffef6a3ae99c5d6d2735a752640d4353ed8ebc94adcc89a656d755d19	752
NR	map/mapstudio/m46_90_00_00.msb.dcx	ac7811a613aa3c1c828914d28cabed79468244357fbb0fcd5f272a0dabed9c3c	768
NR	map/mapstudio/m46_91_00_00.msb.dcx	2ef48dbe63b77e5a2876780dd265519c9ab4ec7c99b7987d96d31b18ea6759fb	736
NR	map/mapstudio/m46_95_00_00.msb.dcx	42e3605f07fd12a39b4a4f7c58e05d7961f3d96d648f0f4ebadaa7240a89c855	768
NR	map/mapstudio/m47_80_00_00.msb.dcx	38ee669dbe4f12afa12e2dd966cdd7c0ac045acc282ce4382fe17ce266c0e219	1168
NR	map/mapstudio/m48_00_00_00.msb.dcx	0ca04cb3ac743e8c51f970099720c900e6503332b08b86e095eb3e9cc1e26ada	1824
NR	map/mapstudio/m48_70_00_00.msb.dcx	310c9778953b2148fa48cc1bcc2b7d5659aeaeed881ddf8a0b67cd9ca3fff430	896
NR	map/mapstudio/m48_80_00_00.msb.dcx	b16c743c31bace818b9468267d559e710954397d8de5483f0a61ff67a54bfc45	1008
NR	map/mapstudio/m48_90_00_00.msb.dcx	3f248de4bc37c96535bc84105c980316238b96e656f5a81f70a96f77f66dc133	2224
NR	map/mapstudio/m49_10_00_00.msb.dcx	f25935aab26c69c2cbb411d75cef55e4677c91ee932f59f873a1440ad491b3e2	944
NR	map/mapstudio/m49_17_00_00.msb.dcx	fb8279095423f68ef301d9f47a537bfd73e6921139437ba39e94530882e6058b	1072
NR	map/mapstudio/m49_18_00_00.msb.dcx	bae5705fa453d7d4385283f8e9287e54e12895ae83d2f2d47e579ff5a421dfd7	928
NR	map/mapstudio/m49_20_00_00.msb.dcx	ee8ba7c94cc9727d76b18bbe6bf1a2c60b9cee117c1a551d391b20056ce741e5	880
NR	map/mapstudio/m49_21_00_00.msb.dcx	c419d9fee5be4829143c1286142990bd45fad620828c72127bbf94f5981c8b13	1056
NR	map/mapstudio/m49_23_00_00.msb.dcx	e24fbc1ac3d56c4b14177642519cc6c9e2634b2281706f315703157bc91e4229	992
NR	map/mapstudio/m49_24_00_00.msb.dcx	27d6abe9c30cb2a7c63970d854f1386da62815624f7d2c59c8b43f41a6f40b55	1072
NR	map/mapstudio/m49_25_00_00.msb.dcx	bb2cedeb88bc05c3d310853cdf506dfab1b4d71cbbcc5e5a336f18ae99d1ddf1	1152
NR	map/mapstudio/m49_26_00_00.msb.dcx	be81fa5d11a1b5d5c0e3ad60e86b8bea124e0aba13d3f7c3ba79006c9eb4f2cf	1104
NR	map/mapstudio/m49_28_00_00.msb.dcx	5b69fee427a216fe5710f7753e0b0e693d66a959d420bcf49c5c530d4f06b2b8	1136
NR	map/mapstudio/m49_30_00_00.msb.dcx	59cf2cdb02819968bbb148291f78a94fd0b0d8ab9ba4599697befe3084013823	928
NR	map/mapstudio/m49_41_00_00.msb.dcx	88a9a3238f0a7e907ed7bb81af6a49f2d0600fd5794f5ea19de048f366bd36d1	3424
NR	map/mapstudio/m49_42_00_00.msb.dcx	b533db4d7b6a42309f9427cb4a951e8eacc4eb2bde8f07f4fbef42d9531c526e	2672
NR	map/mapstudio/m49_43_00_00.msb.dcx	7eaee23625373369a2a8db9bc85929c0a2f8ff76b161695b630ba8ea188e1b31	1984
NR	map/mapstudio/m49_90_00_00.msb.dcx	f6dd8c87b519e2c230d02d51913a37349f38c0cee24b11f0cb22ead8d18819c7	880
NR	map/mapstudio/m52_00_00_00.msb.dcx	7287459c0ddbb28cff52ec9e3b5b0beba986e5683bd25773ebcc8075e56befb1	1008
NR	map/mapstudio/m52_01_00_00.msb.dcx	cc8f52e424085e314a8dc96f33123de1b3b9d3a2c803e7db6bd3e90bb5b69325	672
NR	map/mapstudio/m52_02_00_00.msb.dcx	470489bd72e01965ce1e5c7da645e26a4c014d12affee816675fdac6b684cd6e	1104
NR	map/mapstudio/m52_03_00_00.msb.dcx	d5c0d43b8c69fa8cd089da418c97b0df9f59f4e0dc066adbdb326d691004a9dd	1056
NR	map/mapstudio/m52_10_00_00.msb.dcx	227ff363ebac112cf048b36a51ba751356cb4fd404f20e3f373429ac416e6c5c	1104
NR	map/mapstudio/m52_11_00_00.msb.dcx	083440f514705fb85f271a008c11002ac6548735a452293ebba7c2750d2d56ee	912
NR	map/mapstudio/m52_12_00_00.msb.dcx	1ed87cd9efc08969e729dd5a024523fdcac69b639ca2c4df13ec91ca8f7412a9	1856
NR	map/mapstudio/m52_13_00_00.msb.dcx	80de7e0dfcdab8d379d925b69737a8e62b32bc5e3012af4c78d283734a1e79ab	1472
NR	map/mapstudio/m52_40_00_00.msb.dcx	6685f48d2dd22af093183b86cc57be4f64889b8ade4e32c337bbaf72d2e7f097	8080
NR	map/mapstudio/m52_42_00_00.msb.dcx	2094321d280602038a6b28fd11c98eae1661ba048c770ef243c740ee0a470ed7	9248
NR	map/mapstudio/m60_10_09_42.msb.dcx	28f798177699290bc36735848b8daf4ef8b9225feecc2871a2ba814845b19235	64192
NR	map/mapstudio/m60_42_36_00.msb.dcx	79ff8b47c42749100a88e4bb782c98e2c49265b98749a3cb2b0a09b913c0d0a8	36096
NR	map/mapstudio/m60_42_36_10.msb.dcx	79ff8b47c42749100a88e4bb782c98e2c49265b98749a3cb2b0a09b913c0d0a8	36096
NR	map/mapstudio/m60_42_36_20.msb.dcx	79ff8b47c42749100a88e4bb782c98e2c49265b98749a3cb2b0a09b913c0d0a8	36096
NR	map/mapstudio/m60_42_36_50.msb.dcx	727fa993a2a42fc947077b8f8d8092c7709146d8491bb8134c4b5ad8a539c63b	88528
NR	map/mapstudio/m60_42_37_50.msb.dcx	8abc35d527984354265c94961183b5c3b609e53ea5434c7423b40a427ff688c6	48288
NR	map/mapstudio/m60_42_39_00.msb.dcx	ed41238743919477596b18751d00dbe90f81df69245f4d5ed3818423ef9ae00b	24384
NR	map/mapstudio/m60_42_39_20.msb.dcx	ed41238743919477596b18751d00dbe90f81df69245f4d5ed3818423ef9ae00b	24384
NR	map/mapstudio/m60_42_39_50.msb.dcx	ed41238743919477596b18751d00dbe90f81df69245f4d5ed3818423ef9ae00b	24384
NR	map/mapstudio/m60_43_36_40.msb.dcx	7ecc075f4f603957925e6a0075703c9c154081c4706c16912cbcc7f842d88bd0	96048
NR	map/mapstudio/m60_43_36_50.msb.dcx	04068fe0f69e4fc54fd4beea1000c239d8e5244b27b1ddae2239c63c3c9d320b	48576
NR	map/mapstudio/m60_43_37_10.msb.dcx	9d4f28a9981fd5452963df42ffa99d8bb3f3175b8e5c77f9a42fa6f031f66c24	68784
NR	map/mapstudio/m60_43_37_20.msb.dcx	9d4f28a9981fd5452963df42ffa99d8bb3f3175b8e5c77f9a42fa6f031f66c24	68784
NR	map/mapstudio/m60_43_37_50.msb.dcx	9d097facf8b3bfbb0b6dc5b151266e2f29cd7f444e8e401d066498946c99312d	36992
NR	map/mapstudio/m60_44_37_00.msb.dcx	ce7476c9252618af785c78452324600c09297406c404074d6457b3cf57196417	30960
NR	map/mapstudio/m60_44_37_20.msb.dcx	ce7476c9252618af785c78452324600c09297406c404074d6457b3cf57196417	30960
NR	map/mapstudio/m60_44_37_50.msb.dcx	af4f6edf98860cbbb8fd062cc96709687b4e921946a0c4ffba57f8509a90c0fe	26400
NR	map/mapstudio/m60_44_38_20.msb.dcx	07372f28abd453f4e1ccdcb247b8d1dd4c03ba70b995b19b8d7cb09531857abb	40528
NR	map/mapstudio/m60_44_39_00.msb.dcx	83acfc73fc709a791bf80aba8352e9a59a7df6be25040e40d829a19f13c10b5f	36128
NR	map/mapstudio/m60_44_39_30.msb.dcx	83acfc73fc709a791bf80aba8352e9a59a7df6be25040e40d829a19f13c10b5f	36128
NR	map/mapstudio/m60_44_39_50.msb.dcx	83acfc73fc709a791bf80aba8352e9a59a7df6be25040e40d829a19f13c10b5f	36128
NR	map/mapstudio/m60_45_36_30.msb.dcx	9fcc07c95f1cde802a69cfa178e04c61209bac79571fde00c77cbe46afc89b75	39392
NR	map/mapstudio/m60_45_38_00.msb.dcx	4f7398fb3565012afd3fc94fffe7854d6ec17eac1172745f92cbd91251554091	18944
NR	map/mapstudio/m60_45_38_20.msb.dcx	4f7398fb3565012afd3fc94fffe7854d6ec17eac1172745f92cbd91251554091	18944
NR	map/mapstudio/m60_45_38_30.msb.dcx	4f7398fb3565012afd3fc94fffe7854d6ec17eac1172745f92cbd91251554091	18944
NR	map/mapstudio/m60_45_38_50.msb.dcx	4f7398fb3565012afd3fc94fffe7854d6ec17eac1172745f92cbd91251554091	18944
NR	map/worldmsblist.worldloadlistlist.dcx	3554bf2448e2e486c06737cada41ef5da63d6adf3fff9f8207b3dfa7ffb8b746	224
NR	material/allmaterial.matbinbnd.dcx	8ff7b67e10a7cb9d01d915c8e8ea9d43e06127d220a62eab903ec13115768ab3	3418096
NR	material/allmaterial_dlc01.matbinbnd.dcx	8962d8babb0612b1eb61c171eceba954cd9b2df1aa58621b10cae0335f140dde	353680
NR	menu/01_common_h.sblytbnd.dcx	4754a63d555bfe65760fbf02aa5ff35c4c03eab9d75c83ed5356aa079856bd80	18505
NR	menu/01_common_h.tpf.dcx	d13b2e55f6811c0202dc2681a2a4bc50bae04cc607996b40f57820963c6f18d9	70661776
NR	menu/01_common_l.tpf.dcx	cf507b95394867ec72bf340513939e1747aedccc8033094c9d6b3a9c53ed340c	49631440
NR	menu/05_dummy_h.tpf.dcx	74437ed9b800ffc590a4a65426bbd3dec44b6799571d81e9a018ebd6ef44814d	3040
NR	menu/21_common_dlc01_h.sblytbnd.dcx	e46224c37f7e2c526ffb6accc2db3f212b5dd4c62cc7764e0350fccbe8288848	2545
NR	menu/21_common_dlc01_h.tpf.dcx	71c6d5f2c54dda5b2117ed41693ab642e9a92c0b9087b70c784dc2c91cd9d53f	7185872
NR	msg/araae/item_dlc01.msgbnd.dcx	43e6b1a73bec7fed78dace4e66753f2b3fc8697974234d2b2c65964e420844cc	176480
NR	msg/araae/menu_dlc01.msgbnd.dcx	4358e5a3a3c3e5ee56043a91a7947a228aa2b8e75fa4db196afb4cd052179209	164160
NR	msg/deude/item_dlc01.msgbnd.dcx	f9f66da402e5ae05c8094fe2032298b1dac4f5ce5e2514e447b11f6c39fad7fe	220240
NR	msg/deude/menu_dlc01.msgbnd.dcx	734beff0a79a9ecfdeb4ed3ef46aa248004f5479b93e044c159d21e37fc96b93	180976
NR	msg/engus/item_dlc01.msgbnd.dcx	a4f14491d8d3f34baaf9cc57ece763ba433b3647c40b2817068f36b926ada0f2	209904
NR	msg/engus/menu_dlc01.msgbnd.dcx	e33f1c338878da423d95cf54589072d99425f2a92c10603e5c93bda9323184db	158976
NR	msg/engus/ngword.msgbnd.dcx	87ff1673466413108ef1fc6fb56a53208e80f9339a4e5346cc99108ffd7181ea	6240
NR	msg/frafr/item_dlc01.msgbnd.dcx	3571f89e22fc23a2f7b03a430bedc55c69feae3be45b6c6c47f06daa98d8fd95	227504
NR	msg/frafr/menu_dlc01.msgbnd.dcx	72592d0e9d6786457297964e2aa3943c574a80b3f0af3c6213ac25b8c1e26ec7	185936
NR	msg/itait/item_dlc01.msgbnd.dcx	e0b2d10af9f9df5063701598a5439213d05d5ae3eaffca66ce84daefe69d1590	212720
NR	msg/itait/menu_dlc01.msgbnd.dcx	1f3df826b0c737ac73d7e275461b9d76c82b5a8157cbfbab747db209b50ed545	171728
NR	msg/jpnjp/item_dlc01.msgbnd.dcx	bd736ace392adf1384dc4b51ff07de005c617d80306cbd5795853ca7c51b130a	159248
NR	msg/jpnjp/menu_dlc01.msgbnd.dcx	c509378cde760798346a502b9f43aaa4a72d3bc252cbe2fd03bbdd6db5269228	101200
NR	msg/korkr/item_dlc01.msgbnd.dcx	8d85e3187cbb92437be9905dd683d693fc99ac36adb2b0003059ecac532494b2	165504
NR	msg/korkr/menu_dlc01.msgbnd.dcx	5b651697c900f014c91648e925bc7b9083acd3d907a7f281d5b1573b8d1f4058	138720
NR	msg/polpl/item_dlc01.msgbnd.dcx	4c17951938250a2f116f0312e960f5d0d6fd7e97590708028c7b3b68f8acd7a2	224208
NR	msg/polpl/menu_dlc01.msgbnd.dcx	cc48d6f055f3959c01dd8cbbe280dbdefb95ea783df0515488864d7c9824e89e	194496
NR	msg/porbr/item_dlc01.msgbnd.dcx	3b96ba114d6666636444c4d3771d0a63079994706d365a925f36cf095afb9f9b	213024
NR	msg/porbr/menu_dlc01.msgbnd.dcx	5f19c3e84e650924294475163ab7b9990e997f1d92b7c4ad88d24e46b83b21b5	242144
NR	msg/rusru/item_dlc01.msgbnd.dcx	5a1ff1f91d90a3ae71cb5f7306934c4fa2dca7a7ad0f5f14dcf9f8dffdf1b6d8	223968
NR	msg/rusru/menu_dlc01.msgbnd.dcx	e85caa9fe5bfe58a53945a1582f19bac9e037cdfc3fd32bc158766a1973def2e	176144
NR	msg/spaar/item_dlc01.msgbnd.dcx	5ee7eb30e79e6a812d4f29dd766b5cf55b8a23a576b0f3d7c4e0768b4ebfa4d9	225136
NR	msg/spaar/menu_dlc01.msgbnd.dcx	21f608a3c62afc93a8ae3627b5422b1b34ab272dbaf90881d85c2ee542ce2ae4	240976
NR	msg/spaes/item_dlc01.msgbnd.dcx	2fe8c2d0269d7530179214b6a7d76a267e5a149f47411ed6028cb206e597a304	227584
NR	msg/spaes/menu_dlc01.msgbnd.dcx	76fc4d2aeb8e4f0ba823d63487512e5d584f3e63d1911b61587e4a1fca5dd736	185760
NR	msg/thath/item_dlc01.msgbnd.dcx	e4881b16203feceeeb54bcabaadc9a7d9d4f247cdbac3b3101ad8a039f48c6db	194256
NR	msg/thath/menu_dlc01.msgbnd.dcx	cc0ce8f02a20843403edc085ebd168ebd374b4b03ba09281c795a96c2acc4876	170096
NR	msg/zhocn/item_dlc01.msgbnd.dcx	af2bf756dc99b500b0d0a9b4cd9811e3055798d4bcb7e18e910b188d440d838b	159296
NR	msg/zhocn/menu_dlc01.msgbnd.dcx	a56f88beba7d8aba36d2d436e9ef2e08e28a2189eee87075f792b39b774a9e52	139312
NR	msg/zhotw/item_dlc01.msgbnd.dcx	0bf36196fadd7fdd7cd51403499316e6a4b4509111dd9d68b1b45f079a97815a	159232
NR	msg/zhotw/menu_dlc01.msgbnd.dcx	7f7271f6c87688432baf62a1331a4436ff7dab52dad8298afed07c7ab0a5ab76	140208
NR	parts/wp_a_0758.partsbnd.dcx	10f54c5cab09d38e13dff7db24489118705282e1566444f3e2857665d047f881	2086688
NR	parts/wp_a_0758_l.partsbnd.dcx	d6b4945be9aa46db1414e57006f1f89ab9ca0401991fdd7fc24c41cea918342f	582112
NR	parts/wp_a_1501.partsbnd.dcx	144e5c669c5e27d4a4d8e3fa61b4d30c32477fa9ca5060997eb960ed9345ac96	921552
NR	parts/wp_a_1503.partsbnd.dcx	36b2637abdc85ff6299520b2ce13652540c6a18952817069e8ebba3f971563ac	1034816
NR	parts/wp_a_1506.partsbnd.dcx	7aaf6995bac42ab7bf1e6f1cb7f5681548265d07ddb7048717018a894a9bb305	1865808
NR	parts/wp_a_1508.partsbnd.dcx	a09fbafe29bcce476fa59c1a54494e578db43fe2a5497db4f0a6af18958bb2d8	2046096
NR	parts/wp_a_1510.partsbnd.dcx	94640eca9a2c3fd43c0d46f21a0c4f24197a1a4c8841f986af1eff27de223635	1959680
NR	parts/wp_a_1512.partsbnd.dcx	774a63cfca0a26d7ca4b439d73a22f6cbbe6939e46a9147e041ea076118f7b2c	971264
NR	parts/wp_a_1513.partsbnd.dcx	d82c69298cc153c97b7ecf5f3f856c3212b008035d06aad4d95d58c066450ee3	1920720
NR	parts/wp_a_1514.partsbnd.dcx	2298b34240072a1deb43162ca7986a5d2cb808f960a61309912c829808434ac4	1775952
NR	script/305000_battle.luabnd.dcx	617c760a5176e4caf830e9247a95a042e4be4fcda873389eea4342628a20f272	6176
NR	script/333000_battle.luabnd.dcx	b8b88894fbb90312a106a5939ad7851eaf5899a6db7a07b3a278ffec50dafbb0	2416
NR	script/434010_battle.luabnd.dcx	299063b3c3a8cb4be8d8bf4f7e33fd1be42a6a4bbfd26dc8c7a1e6c8f342f3a1	5632
NR	script/442000_battle.luabnd.dcx	fe6bc7ec68637961c7eb221b403e7c77042f525d7196730050623d5160d5bd01	5728
NR	script/450000_battle.luabnd.dcx	bab15970f03d41ab3f4b6f8cfb44bba6fa7bfa545b82f8431794e47402afce88	4416
NR	script/450100_battle.luabnd.dcx	20ca49b73f082440293e199fcde6fda255a882f1856339e4569f9d6ef3dd1581	4720
NR	script/450300_battle.luabnd.dcx	98754e6f096f892f9d1586cf7d9b4dcec76e8e614edc5fda14717e16dd57e489	4848
NR	script/462000_battle.luabnd.dcx	d064aaa8577f46c032939d32aa7de459eaf801dc1fccbdc6bbb852a3c7d6343a	6976
NR	script/467000_battle.luabnd.dcx	af7df861dc2e33fec64cea2fc4563766d2056f1c73dccaf6f7d1d2f20400861b	7664
NR	script/490000_battle.luabnd.dcx	c8798af5b303f3e0f11cece214adf5d28b501f5c776657735e11a5c2c747ed63	6448
NR	script/516000_battle.luabnd.dcx	aab9b7c837790100279d3d4ae859f28062a24ac900382b784ca2a028762747bc	4992
NR	script/516010_battle.luabnd.dcx	b0fbd9e90b637268973f5fc31aff392da2679520648106500fb321aa48611e18	4912
NR	script/516020_battle.luabnd.dcx	f8de20e20d42717d79b7b0f154f0ab58a1398d48f636f0436da2785b80de2ef4	4960
NR	script/524010_battle.luabnd.dcx	10116603807f966d8d08c506dc3d65e8288ef8b316b09e713b4a8926a7b7d828	5104
NR	script/525010_battle.luabnd.dcx	78e440054bfcb51ae32f73ee82753f45509996023f6b22d97cbdbf087a0b7751	5600
NR	script/531020_battle.luabnd.dcx	712f0a96ac6a03a7d209eacde13d44b7baae60c4eef44fb1f336e05f20be5bc7	5280
NR	script/532000_battle.luabnd.dcx	1990f01af16ae624cbb45ebc48f3c983ffe52a3bc4c9ad17a2664924771f03a8	6048
NR	script/583000_battle.luabnd.dcx	1abf1d24a24df22bd5c27c9766737f9cee83df070f18cd50ebecb40f6ab52922	6336
NR	script/583000_logic.luabnd.dcx	8b67977d3e4bb2805c56f25cfacb5bdb5a6d196fdcb338581fdfa4f235207a67	1552
NR	script/583010_battle.luabnd.dcx	d67cdf028a1073d5b6f4ba2fe7563e57779c786b6b2ce0de795aff2d17667fba	4112
NR	script/710000_battle.luabnd.dcx	be76b92ade9878840aea5c6a949597cf0f7a4f27f4ab50271d409edae042fe1e	5872
NR	script/750000_battle.luabnd.dcx	62b79e59e4d6b98dc9fab5c644699a20f6714e1cc754c05d0855e46a4d3bfe7f	6928
NR	script/756000_battle.luabnd.dcx	bf9a901c678bd009634d169e14d6934888f28af52c5bcf54a311e16d1e9d46ef	12256
NR	script/758000_battle.luabnd.dcx	50a16b7d498c1e8b2a24620f91ec91f02cac1251b23a24a3b5a4af6f14bae092	5136
NR	script/760000_battle.luabnd.dcx	dacea1ac748a4885fdf0d02f627d8818c494d0d7ee94db2d7075b7e0ebcfa6db	7888
NR	script/aicommon.luabnd.dcx	f560a7b7f347e57d7bcc03f7aec177c7eb11485644139231a83af9603e2f2d35	133728
NR	script/aicommon_dlc01.luabnd.dcx	d18fc2c1b55e18df316d83057a1ab567b55ffaa4c332d769b7d657e57916cd10	3232
NR	script/talk/m10_00_00_00.talkesdbnd.dcx	43d5005f1934a37121ca2589c58684e73964f2440b1d13bb79443ac689796cd1	335760
NR	script/talk/m37_90_00_00.talkesdbnd.dcx	f2148adcb12ce996175f573b9e466121ae6018bbbd478afa07513b01c4cd1f45	1648
NR	script/talk/m53_99_00_00.talkesdbnd.dcx	265593d2c300d9ca7ba41fe98a0918cbb1f94a8db62e7450b13717d3814f3db5	1616
NR	script/talk/m60_00_00_00.talkesdbnd.dcx	9a46820f884ecc74151995581687bef3cfc6c592d0d6f02aa257b8a193304c9b	32048
NR	sfx/sfxbnd_c3100.ffxbnd.dcx	b9518c4aaa85cdfe0a6f3c1b5b97da39db5baa09f63fea46919a33b5b19351ab	24768
NR	sfx/sfxbnd_c4620.ffxbnd.dcx	ceda1b1e4c29ccaeff0025a4f6ca0193385ff8fbd98dbde6f1104beba8dac2b7	204240
NR	sfx/sfxbnd_c4770.ffxbnd.dcx	8cd191a47383fe39c96091c87546417730f353f094e28d090620841b7c46ecc5	76160
NR	sfx/sfxbnd_c4900.ffxbnd.dcx	2b49552add65323ac41123dd8e3d5e0799cc7403de719c2f6179ec4670a7938a	614624
NR	sfx/sfxbnd_c5070.ffxbnd.dcx	66d12bbdfa3f15c4b7526135e8937be197b07512cc8fd63c5c7b02aa48c7d1c9	53616
NR	sfx/sfxbnd_c5160.ffxbnd.dcx	67e7fa895e06d43985889f1917ef0dfe19f28848a7d4afcc72bcb00ede8108d8	177136
NR	sfx/sfxbnd_c5240.ffxbnd.dcx	23c000b678f2d02f55c4e675e37d695984faacf12a792469146a891093ec32a5	247184
NR	sfx/sfxbnd_c5250.ffxbnd.dcx	e33fbc4373ceecace635a3deb5374edb5567ac0423ac0a23d93f0871e55a3069	474256
NR	sfx/sfxbnd_c7500.ffxbnd.dcx	b1c32ca5ede5b33a62fc52e2a645f396df31a002174a7a3562f010f997516949	337376
NR	sfx/sfxbnd_c7560.ffxbnd.dcx	7ab8176e4a104748c3b9dd5b30236cc9f664c16bf91ad3377309d9e6e99df11f	640240
NR	sfx/sfxbnd_c7580.ffxbnd.dcx	b1d4f697d3037fb7a2a23f4e9ed41b961e81d3716226d3de1a7cd0ce1955daaa	1361984
NR	sfx/sfxbnd_c7600.ffxbnd.dcx	986774e560a754a894b95a3eee69f2980ab7a8587605c6e7d3df0e3926d79afb	435184
NR	sfx/sfxbnd_commoneffects.ffxbnd.dcx	f2306fc8657e6785b05ddd57251c3b5baf985ccbe553b6256076fbf4fce5abe9	80384688
NR	sfx/sfxbnd_commoneffects_dlc01.ffxbnd.dcx	0dfd146f6cf246f8a9c2763730fab2941ba2943e9644a460c7854cb4aa436269	2616464
NR	shader/shaderbdle.shaderbdlebnd.dcx	736ec1ebe35f3283848e4dd8e6173572bb9a6a5903f25434f4722ba01f923e5c	321853416
NR	shader/shaderbdle_dlc01.shaderbdlebnd.dcx	ad51e5dbf3460164204a57a7a6c7007fb4f34f7060966688a7342395b26996fa	44511964
NR	chr/c0000_a7x.anibnd.dcx	absent	0
NR	chr/c0000_a8x.anibnd.dcx	absent	0
ER	action/script/c0110.hks	6b5e0e97203b54eb2f148bcff98c90c768ff9b86d443f6e1699a09160efd7b39	35104
ER	action/script/c0130.hks	6b5e0e97203b54eb2f148bcff98c90c768ff9b86d443f6e1699a09160efd7b39	35104
ER	action/script/c2010.hks	7ac31988cefc79ee97cc0a9e699386bd1c3067551fa4e45be4a0d52380233745	37408
ER	action/script/c2030.hks	9831e88a6a5f0bd6a3df073eabf4df8c1bbe0b55aa2cd6d5a4f36b2a4307c0d4	35856
ER	action/script/c2031.hks	6b5e0e97203b54eb2f148bcff98c90c768ff9b86d443f6e1699a09160efd7b39	35104
ER	action/script/c2050.hks	d0a07b0f5817665e57ac7b7ab14770e9e6cc342ba1da481973f2cbe8b82b56ad	36672
ER	action/script/c2060.hks	00fe7992cd163a606a94266b047437cf5718382272671e943b7e3d183e8600b1	36000
ER	action/script/c2110.hks	a6607a14e848e4e25b8607fb4f72d2c7b9d8d7a63a4710c4ca934478e9923739	37248
ER	action/script/c2120.hks	6b5e0e97203b54eb2f148bcff98c90c768ff9b86d443f6e1699a09160efd7b39	35104
ER	action/script/c2131.hks	990322711196ae113e21694d86e0ff26eae77b49a972b2e1c5d7374c7ac69c7e	36080
ER	action/script/c2160.hks	5c288dcff4a198b9033a066da0dc5965888b1ee1b4e87e234d3c8ba0eedc28ae	36368
ER	action/script/c2170.hks	e6ce273e60cb8cd58b60a3e56a9f94ce89253aab7c58be09f04e2abd97b0bb5b	36624
ER	action/script/c2180.hks	310efe167dfdc9ea6baad27c2a06957691c80753483d27157dedaf82d41729e9	39376
ER	action/script/c2190.hks	6b5e0e97203b54eb2f148bcff98c90c768ff9b86d443f6e1699a09160efd7b39	35104
ER	action/script/c2200.hks	6b5e0e97203b54eb2f148bcff98c90c768ff9b86d443f6e1699a09160efd7b39	35104
ER	action/script/c2272.hks	6b5e0e97203b54eb2f148bcff98c90c768ff9b86d443f6e1699a09160efd7b39	35104
ER	action/script/c2273.hks	6b5e0e97203b54eb2f148bcff98c90c768ff9b86d443f6e1699a09160efd7b39	35104
ER	action/script/c2277.hks	6b5e0e97203b54eb2f148bcff98c90c768ff9b86d443f6e1699a09160efd7b39	35104
ER	action/script/c3061.hks	c3a730ba0b3d51ffadf06afc8da976a104c6181447d55a32ac4970f9d16591b4	35008
ER	action/script/c3171.hks	6b5e0e97203b54eb2f148bcff98c90c768ff9b86d443f6e1699a09160efd7b39	35104
ER	action/script/c3210.hks	6b5e0e97203b54eb2f148bcff98c90c768ff9b86d443f6e1699a09160efd7b39	35104
ER	action/script/c3510.hks	9f9427006fb3de0942643d3a3c6111e45f96a3ee9ff2613b8f20f48d5570e2b8	34880
ER	action/script/c3630.hks	6b5e0e97203b54eb2f148bcff98c90c768ff9b86d443f6e1699a09160efd7b39	35104
ER	action/script/c3665.hks	c80a8f5a48df8ccc48371726267d2d3fb14548048fda597718157ae4563800d0	36256
ER	action/script/c3666.hks	db1841ba169be3647c6b65e6ddd96b160ee1b86cba4e15915848492c72f89f9d	36848
ER	action/script/c3710.hks	44c1dca667433c578a9e9955a96411dfffdfb26f0cfa36a9a1e23aa69eda5048	35744
ER	action/script/c3720.hks	44c1dca667433c578a9e9955a96411dfffdfb26f0cfa36a9a1e23aa69eda5048	35744
ER	action/script/c3860.hks	9b28e8b838cfb63cae495fb3716dddeab7e93fd3380a16e08a32d377976facf4	35424
ER	action/script/c4162.hks	6b5e0e97203b54eb2f148bcff98c90c768ff9b86d443f6e1699a09160efd7b39	35104
ER	action/script/c4163.hks	6b5e0e97203b54eb2f148bcff98c90c768ff9b86d443f6e1699a09160efd7b39	35104
ER	action/script/c4192.hks	dffc00845a4cf7d284f945b3b88bde40336c1ae1a26e39879469c2f019d33c81	36448
ER	action/script/c4220.hks	bce6c35915d8f8db196dda980a8faa6bac34301d1c3cc811384ac495c3f9fc6f	35264
ER	action/script/c4341.hks	6b5e0e97203b54eb2f148bcff98c90c768ff9b86d443f6e1699a09160efd7b39	35104
ER	action/script/c4361.hks	6b5e0e97203b54eb2f148bcff98c90c768ff9b86d443f6e1699a09160efd7b39	35104
ER	action/script/c4362.hks	6b5e0e97203b54eb2f148bcff98c90c768ff9b86d443f6e1699a09160efd7b39	35104
ER	action/script/c4364.hks	6b5e0e97203b54eb2f148bcff98c90c768ff9b86d443f6e1699a09160efd7b39	35104
ER	action/script/c4365.hks	6b5e0e97203b54eb2f148bcff98c90c768ff9b86d443f6e1699a09160efd7b39	35104
ER	action/script/c4441.hks	568f23987629b3a3b5ed7ada6998ba2f9404883abcbb0b79661f483a2fcce5f3	35408
ER	action/script/c4442.hks	568f23987629b3a3b5ed7ada6998ba2f9404883abcbb0b79661f483a2fcce5f3	35408
ER	action/script/c4482.hks	6b5e0e97203b54eb2f148bcff98c90c768ff9b86d443f6e1699a09160efd7b39	35104
ER	action/script/c4483.hks	6b5e0e97203b54eb2f148bcff98c90c768ff9b86d443f6e1699a09160efd7b39	35104
ER	action/script/c4492.hks	cf2809932665b4ef522ecdde93a7a0ac661cc80f047cda9576376f42c460ca79	36448
ER	action/script/c4502.hks	7df3efa292a920500237546af16d1cd31c604febe3d91e2bedd8da2eb8ef1736	40240
ER	action/script/c4504.hks	f0680ed33014588a3ad4388733d104d0d8cac56393ef1d8e00d6d1b98d5476ef	40384
ER	action/script/c4511.hks	6b5e0e97203b54eb2f148bcff98c90c768ff9b86d443f6e1699a09160efd7b39	35104
ER	action/script/c4520.hks	6b5e0e97203b54eb2f148bcff98c90c768ff9b86d443f6e1699a09160efd7b39	35104
ER	action/script/c4604.hks	fc5dbfd3a5e0b4f920264fee5118db7f7bed2007da3642e15d87dad70b42733e	38064
ER	action/script/c4710.hks	6b5e0e97203b54eb2f148bcff98c90c768ff9b86d443f6e1699a09160efd7b39	35104
ER	action/script/c4711.hks	6b5e0e97203b54eb2f148bcff98c90c768ff9b86d443f6e1699a09160efd7b39	35104
ER	action/script/c4720.hks	6b5e0e97203b54eb2f148bcff98c90c768ff9b86d443f6e1699a09160efd7b39	35104
ER	action/script/c4721.hks	6b5e0e97203b54eb2f148bcff98c90c768ff9b86d443f6e1699a09160efd7b39	35104
ER	action/script/c4730.hks	6b5e0e97203b54eb2f148bcff98c90c768ff9b86d443f6e1699a09160efd7b39	35104
ER	action/script/c4751.hks	6b5e0e97203b54eb2f148bcff98c90c768ff9b86d443f6e1699a09160efd7b39	35104
ER	action/script/c4760.hks	6b5e0e97203b54eb2f148bcff98c90c768ff9b86d443f6e1699a09160efd7b39	35104
ER	action/script/c5000.hks	6b5e0e97203b54eb2f148bcff98c90c768ff9b86d443f6e1699a09160efd7b39	35104
ER	action/script/c5020.hks	fd4e9d2e61345eafd818c69a4c5cb6620514d4b3319a0ff62a3aa4137864f119	35248
ER	action/script/c5030.hks	6b5e0e97203b54eb2f148bcff98c90c768ff9b86d443f6e1699a09160efd7b39	35104
ER	action/script/c5050.hks	6b5e0e97203b54eb2f148bcff98c90c768ff9b86d443f6e1699a09160efd7b39	35104
ER	action/script/c5051.hks	6b5e0e97203b54eb2f148bcff98c90c768ff9b86d443f6e1699a09160efd7b39	35104
ER	action/script/c5060.hks	6b5e0e97203b54eb2f148bcff98c90c768ff9b86d443f6e1699a09160efd7b39	35104
ER	action/script/c5061.hks	6b5e0e97203b54eb2f148bcff98c90c768ff9b86d443f6e1699a09160efd7b39	35104
ER	action/script/c5120.hks	6b5e0e97203b54eb2f148bcff98c90c768ff9b86d443f6e1699a09160efd7b39	35104
ER	action/script/c5130.hks	7d12e212df5838646692b3e874a1d0fb220da5bd40df1a0855f2a04f4f51d646	37168
ER	action/script/c5140.hks	6b5e0e97203b54eb2f148bcff98c90c768ff9b86d443f6e1699a09160efd7b39	35104
ER	action/script/c5141.hks	6b5e0e97203b54eb2f148bcff98c90c768ff9b86d443f6e1699a09160efd7b39	35104
ER	action/script/c5170.hks	fd070b0d91ff6237d5b15cfbb91ccdc4ae09fa26102bf89b6cced78c9de70346	35536
ER	action/script/c5180.hks	6b5e0e97203b54eb2f148bcff98c90c768ff9b86d443f6e1699a09160efd7b39	35104
ER	action/script/c5181.hks	6b5e0e97203b54eb2f148bcff98c90c768ff9b86d443f6e1699a09160efd7b39	35104
ER	action/script/c5194.hks	6b5e0e97203b54eb2f148bcff98c90c768ff9b86d443f6e1699a09160efd7b39	35104
ER	action/script/c5200.hks	cea8dec8de75533c23314542dd20ad742833ac8bafc4f8db15ce866ee69a1928	43648
ER	action/script/c5220.hks	6b5e0e97203b54eb2f148bcff98c90c768ff9b86d443f6e1699a09160efd7b39	35104
ER	action/script/c5230.hks	19630c77d977565c5cac6cc558b4d85bf78ecbf7650eec375482d6dfbe440268	37312
ER	action/script/c5251.hks	6b5e0e97203b54eb2f148bcff98c90c768ff9b86d443f6e1699a09160efd7b39	35104
ER	action/script/c5260.hks	6b5e0e97203b54eb2f148bcff98c90c768ff9b86d443f6e1699a09160efd7b39	35104
ER	action/script/c5261.hks	6b5e0e97203b54eb2f148bcff98c90c768ff9b86d443f6e1699a09160efd7b39	35104
ER	action/script/c5270.hks	6b5e0e97203b54eb2f148bcff98c90c768ff9b86d443f6e1699a09160efd7b39	35104
ER	action/script/c5271.hks	6b5e0e97203b54eb2f148bcff98c90c768ff9b86d443f6e1699a09160efd7b39	35104
ER	action/script/c5280.hks	6b5e0e97203b54eb2f148bcff98c90c768ff9b86d443f6e1699a09160efd7b39	35104
ER	action/script/c5300.hks	6b5e0e97203b54eb2f148bcff98c90c768ff9b86d443f6e1699a09160efd7b39	35104
ER	action/script/c5330.hks	e178a0bf64445f1ddaae5e4322aacf3372687dce7d2b12f61d13660744c3bf33	35936
ER	action/script/c5340.hks	6b5e0e97203b54eb2f148bcff98c90c768ff9b86d443f6e1699a09160efd7b39	35104
ER	action/script/c5350.hks	6b5e0e97203b54eb2f148bcff98c90c768ff9b86d443f6e1699a09160efd7b39	35104
ER	action/script/c5360.hks	1ab63a6eb063eb0077e5713f735da06eed5787a134a5a706a79f99d95a2b793c	35776
ER	action/script/c5370.hks	8ce46be9179dedd347007c435aa5ef0b50210fb2ea1829f4113662b85ccb8dc3	35520
ER	action/script/c5380.hks	6b5e0e97203b54eb2f148bcff98c90c768ff9b86d443f6e1699a09160efd7b39	35104
ER	action/script/c5381.hks	7c5df5ba450c924682fd51d8cc220225251a8c73f1e5a8ea8ab46306c0aff21d	34976
ER	action/script/c5390.hks	37304a56b5e5f7425684ef7b753ee79835bf65fe36fe9b613ea6b83456e43505	37136
ER	action/script/c5391.hks	d9747e721862dc6864932de7f6eca17bedca392a082b467b93325c52d335ca27	37328
ER	action/script/c5401.hks	6b5e0e97203b54eb2f148bcff98c90c768ff9b86d443f6e1699a09160efd7b39	35104
ER	action/script/c5410.hks	6b5e0e97203b54eb2f148bcff98c90c768ff9b86d443f6e1699a09160efd7b39	35104
ER	action/script/c5421.hks	6b5e0e97203b54eb2f148bcff98c90c768ff9b86d443f6e1699a09160efd7b39	35104
ER	action/script/c5430.hks	d6c845dec4bc0bca511639bab5893cd4089d9206c72950bf0bc87e058e548c65	35248
ER	action/script/c5440.hks	6b5e0e97203b54eb2f148bcff98c90c768ff9b86d443f6e1699a09160efd7b39	35104
ER	action/script/c5450.hks	6b5e0e97203b54eb2f148bcff98c90c768ff9b86d443f6e1699a09160efd7b39	35104
ER	action/script/c5460.hks	568f23987629b3a3b5ed7ada6998ba2f9404883abcbb0b79661f483a2fcce5f3	35408
ER	action/script/c5470.hks	34debb0cab2a551e23e029039aa17a7a6f2dd40f264598d41ad45aa73f3bf8ad	35312
ER	action/script/c5471.hks	34debb0cab2a551e23e029039aa17a7a6f2dd40f264598d41ad45aa73f3bf8ad	35312
ER	action/script/c5472.hks	34debb0cab2a551e23e029039aa17a7a6f2dd40f264598d41ad45aa73f3bf8ad	35312
ER	action/script/c5480.hks	6e32e22cbf815e0b7e86ef501bed7c1953db61e81754024136288a5bc2490bde	38864
ER	action/script/c5490.hks	6b5e0e97203b54eb2f148bcff98c90c768ff9b86d443f6e1699a09160efd7b39	35104
ER	action/script/c5500.hks	562f80fab8aabc55d370246a9fc70556ffdb61b0406b8218884573d20698e4eb	35232
ER	action/script/c5511.hks	761f52b59891417e1ba33b6871336792f442b9956a510ef40dc207ed685d0234	34736
ER	action/script/c5512.hks	6b5e0e97203b54eb2f148bcff98c90c768ff9b86d443f6e1699a09160efd7b39	35104
ER	action/script/c5513.hks	6b5e0e97203b54eb2f148bcff98c90c768ff9b86d443f6e1699a09160efd7b39	35104
ER	action/script/c5520.hks	6b5e0e97203b54eb2f148bcff98c90c768ff9b86d443f6e1699a09160efd7b39	35104
ER	action/script/c5521.hks	6b5e0e97203b54eb2f148bcff98c90c768ff9b86d443f6e1699a09160efd7b39	35104
ER	action/script/c5524.hks	6b5e0e97203b54eb2f148bcff98c90c768ff9b86d443f6e1699a09160efd7b39	35104
ER	action/script/c5525.hks	6b5e0e97203b54eb2f148bcff98c90c768ff9b86d443f6e1699a09160efd7b39	35104
ER	action/script/c5526.hks	6b5e0e97203b54eb2f148bcff98c90c768ff9b86d443f6e1699a09160efd7b39	35104
ER	action/script/c5527.hks	6b5e0e97203b54eb2f148bcff98c90c768ff9b86d443f6e1699a09160efd7b39	35104
ER	action/script/c5530.hks	1c84fa01add9cd29e48d259b9f176285864bac4fbb75fac178223530902daefe	35248
ER	action/script/c5540.hks	6b5e0e97203b54eb2f148bcff98c90c768ff9b86d443f6e1699a09160efd7b39	35104
ER	action/script/c5541.hks	6b5e0e97203b54eb2f148bcff98c90c768ff9b86d443f6e1699a09160efd7b39	35104
ER	action/script/c5550.hks	1c84fa01add9cd29e48d259b9f176285864bac4fbb75fac178223530902daefe	35248
ER	action/script/c5551.hks	7aea4d9d6ccb41f6b217eec6630b6d38cc47e91cc5c0c170b7c4e5b36aed79ab	35344
ER	action/script/c5560.hks	6b5e0e97203b54eb2f148bcff98c90c768ff9b86d443f6e1699a09160efd7b39	35104
ER	action/script/c5570.hks	9e6ae2cba6b2b812fa57cda5e91904e20a5cfa066099f31dbda60ef6d71e56e4	35968
ER	action/script/c5580.hks	2c37402d409371f3223c5bf036cb3100565e687d3f36d2304b94f8605a296588	41168
ER	action/script/c5590.hks	6b5e0e97203b54eb2f148bcff98c90c768ff9b86d443f6e1699a09160efd7b39	35104
ER	action/script/c5591.hks	6b5e0e97203b54eb2f148bcff98c90c768ff9b86d443f6e1699a09160efd7b39	35104
ER	action/script/c5600.hks	9f9427006fb3de0942643d3a3c6111e45f96a3ee9ff2613b8f20f48d5570e2b8	34880
ER	action/script/c5620.hks	6b5e0e97203b54eb2f148bcff98c90c768ff9b86d443f6e1699a09160efd7b39	35104
ER	action/script/c5630.hks	6b5e0e97203b54eb2f148bcff98c90c768ff9b86d443f6e1699a09160efd7b39	35104
ER	action/script/c5640.hks	6b5e0e97203b54eb2f148bcff98c90c768ff9b86d443f6e1699a09160efd7b39	35104
ER	action/script/c5641.hks	6b5e0e97203b54eb2f148bcff98c90c768ff9b86d443f6e1699a09160efd7b39	35104
ER	action/script/c5651.hks	6b5e0e97203b54eb2f148bcff98c90c768ff9b86d443f6e1699a09160efd7b39	35104
ER	action/script/c5661.hks	b39beacaa3e17728cdd7173b8259c4a842129d8ed669c8e441527fec447b5ee5	35520
ER	action/script/c5680.hks	6b5e0e97203b54eb2f148bcff98c90c768ff9b86d443f6e1699a09160efd7b39	35104
ER	action/script/c5690.hks	6b5e0e97203b54eb2f148bcff98c90c768ff9b86d443f6e1699a09160efd7b39	35104
ER	action/script/c5700.hks	6b5e0e97203b54eb2f148bcff98c90c768ff9b86d443f6e1699a09160efd7b39	35104
ER	action/script/c5701.hks	6b5e0e97203b54eb2f148bcff98c90c768ff9b86d443f6e1699a09160efd7b39	35104
ER	action/script/c5710.hks	defd8c8ac1eda7669d47f53f398dedcd4cd76485075de858690de346777f5c0c	37328
ER	action/script/c5720.hks	6b5e0e97203b54eb2f148bcff98c90c768ff9b86d443f6e1699a09160efd7b39	35104
ER	action/script/c5730.hks	cefc7dd9029b1b634a07be81a1f0bdc212508270c7b1d4a4ad0f8072278b71bd	35104
ER	action/script/c5740.hks	2c5becaf16e014f8c2bdca2339add6f0a53f0778c2f90553a57bc88531326cc0	35344
ER	action/script/c5760.hks	6b5e0e97203b54eb2f148bcff98c90c768ff9b86d443f6e1699a09160efd7b39	35104
ER	action/script/c5761.hks	6b5e0e97203b54eb2f148bcff98c90c768ff9b86d443f6e1699a09160efd7b39	35104
ER	action/script/c5780.hks	6b5e0e97203b54eb2f148bcff98c90c768ff9b86d443f6e1699a09160efd7b39	35104
ER	action/script/c5790.hks	92dc8fe35a0f590333bbb940f91cd7d1fa7fd8272f2d8cf678df0fa65f09251b	35568
ER	action/script/c5800.hks	6b5e0e97203b54eb2f148bcff98c90c768ff9b86d443f6e1699a09160efd7b39	35104
ER	action/script/c5840.hks	704716407cfcd0032d3b3603f89e2d4773302feb5da91725eb966fcd8242e455	35856
ER	action/script/c5850.hks	6b5e0e97203b54eb2f148bcff98c90c768ff9b86d443f6e1699a09160efd7b39	35104
ER	action/script/c5871.hks	6b5e0e97203b54eb2f148bcff98c90c768ff9b86d443f6e1699a09160efd7b39	35104
ER	action/script/c5872.hks	6b5e0e97203b54eb2f148bcff98c90c768ff9b86d443f6e1699a09160efd7b39	35104
ER	action/script/c5880.hks	6b5e0e97203b54eb2f148bcff98c90c768ff9b86d443f6e1699a09160efd7b39	35104
ER	action/script/c5890.hks	6b5e0e97203b54eb2f148bcff98c90c768ff9b86d443f6e1699a09160efd7b39	35104
ER	action/script/c5910.hks	24c74ea01ac4fc0f26439f0611bf7dadcef4e5391d6289050c7884e6f0f8c1bc	38368
ER	action/script/c5920.hks	6b5e0e97203b54eb2f148bcff98c90c768ff9b86d443f6e1699a09160efd7b39	35104
ER	action/script/c5930.hks	c3a730ba0b3d51ffadf06afc8da976a104c6181447d55a32ac4970f9d16591b4	35008
ER	action/script/c5931.hks	c3a730ba0b3d51ffadf06afc8da976a104c6181447d55a32ac4970f9d16591b4	35008
ER	action/script/c5940.hks	d506bb68498f9d35350e88a83e1df530102722a9676a8659a900b45378e18a62	35248
ER	action/script/c5950.hks	88e211a6d089f77a1b9fc543066d1c801468801afcd0f20b74bea6e56937f03f	35376
ER	action/script/c5960.hks	6b5e0e97203b54eb2f148bcff98c90c768ff9b86d443f6e1699a09160efd7b39	35104
ER	action/script/c5970.hks	6b5e0e97203b54eb2f148bcff98c90c768ff9b86d443f6e1699a09160efd7b39	35104
ER	action/script/c5980.hks	6b5e0e97203b54eb2f148bcff98c90c768ff9b86d443f6e1699a09160efd7b39	35104
ER	action/script/c5990.hks	6b5e0e97203b54eb2f148bcff98c90c768ff9b86d443f6e1699a09160efd7b39	35104
ER	action/script/c6010.hks	6b5e0e97203b54eb2f148bcff98c90c768ff9b86d443f6e1699a09160efd7b39	35104
ER	action/script/c6031.hks	6b5e0e97203b54eb2f148bcff98c90c768ff9b86d443f6e1699a09160efd7b39	35104
ER	action/script/c6040.hks	d6c845dec4bc0bca511639bab5893cd4089d9206c72950bf0bc87e058e548c65	35248
ER	action/script/c6050.hks	6b5e0e97203b54eb2f148bcff98c90c768ff9b86d443f6e1699a09160efd7b39	35104
ER	action/script/c6070.hks	568f23987629b3a3b5ed7ada6998ba2f9404883abcbb0b79661f483a2fcce5f3	35408
ER	action/script/c6072.hks	d6c845dec4bc0bca511639bab5893cd4089d9206c72950bf0bc87e058e548c65	35248
ER	action/script/c6080.hks	34debb0cab2a551e23e029039aa17a7a6f2dd40f264598d41ad45aa73f3bf8ad	35312
ER	action/script/c6081.hks	34debb0cab2a551e23e029039aa17a7a6f2dd40f264598d41ad45aa73f3bf8ad	35312
ER	action/script/c6082.hks	34debb0cab2a551e23e029039aa17a7a6f2dd40f264598d41ad45aa73f3bf8ad	35312
ER	action/script/c6090.hks	6e32e22cbf815e0b7e86ef501bed7c1953db61e81754024136288a5bc2490bde	38864
ER	action/script/c6091.hks	e0a0d83902972e555cc1bae48b10cf728752daa16d7e70339a1b0b529a8f82b9	36544
ER	action/script/c6100.hks	6b5e0e97203b54eb2f148bcff98c90c768ff9b86d443f6e1699a09160efd7b39	35104
ER	action/script/c6201.hks	dffc00845a4cf7d284f945b3b88bde40336c1ae1a26e39879469c2f019d33c81	36448
ER	action/script/c6210.hks	9c863526e95dce875cda1de0926117291099516ea2bd4a43d4a9e1f239f8e1bc	39472
ER	action/script/c6220.hks	6b5e0e97203b54eb2f148bcff98c90c768ff9b86d443f6e1699a09160efd7b39	35104
ER	action/script/c6231.hks	6b5e0e97203b54eb2f148bcff98c90c768ff9b86d443f6e1699a09160efd7b39	35104
ER	action/script/c6232.hks	6b5e0e97203b54eb2f148bcff98c90c768ff9b86d443f6e1699a09160efd7b39	35104
ER	action/script/c6233.hks	6b5e0e97203b54eb2f148bcff98c90c768ff9b86d443f6e1699a09160efd7b39	35104
ER	action/script/c6251.hks	6b5e0e97203b54eb2f148bcff98c90c768ff9b86d443f6e1699a09160efd7b39	35104
ER	action/script/c6260.hks	6b5e0e97203b54eb2f148bcff98c90c768ff9b86d443f6e1699a09160efd7b39	35104
ER	action/script/c6270.hks	6b5e0e97203b54eb2f148bcff98c90c768ff9b86d443f6e1699a09160efd7b39	35104
ER	action/script/c6290.hks	88e211a6d089f77a1b9fc543066d1c801468801afcd0f20b74bea6e56937f03f	35376
ER	action/script/c6291.hks	9049d78fb11f4a76cf3632de6d0e08cd9970a31ff7ed2d9bf2ab2698e0ff7af6	36560
ER	action/script/c6300.hks	bb8925e8aaea274e20e78fde2717008d41cd47ac4e0986d6fec598047114bf35	34976
ER	action/script/c6310.hks	6b5e0e97203b54eb2f148bcff98c90c768ff9b86d443f6e1699a09160efd7b39	35104
ER	action/script/c6320.hks	a6dc6915179b272905fb7aa59d0b92ad3946721efc758b868f688e7c079b16d3	36864
ER	action/script/c8101.hks	6b5e0e97203b54eb2f148bcff98c90c768ff9b86d443f6e1699a09160efd7b39	35104
ER	action/script/c8110.hks	6b5e0e97203b54eb2f148bcff98c90c768ff9b86d443f6e1699a09160efd7b39	35104
ER	action/script/c8120.hks	6b5e0e97203b54eb2f148bcff98c90c768ff9b86d443f6e1699a09160efd7b39	35104
ER	action/script/c9001.hks	6b5e0e97203b54eb2f148bcff98c90c768ff9b86d443f6e1699a09160efd7b39	35104
ER	asset/aeg/aeg007/aeg007_500.geombnd.dcx	70ae6b781741d4917a257073db47c7810a4d7b34e866d3b87df41971acc6653c	919984
ER	asset/aeg/aeg007/aeg007_500_l.geomhkxbnd.dcx	122fe865ca32a835d6a053b75389913663dd3da5c524a33fcf4ce50a514366e3	57373
ER	asset/aeg/aeg020/aeg020_203.geombnd.dcx	ac335dd0398af6b5a0d6ba8abcd738120c64c43646772ceeef145fc6c6828757	59616
ER	asset/aeg/aeg020/aeg020_203_h.geomhkxbnd.dcx	a49c83996741c352da9bb745a332eff636bdf1e4690b42ae5e3b577f3e033e36	110059
ER	asset/aeg/aeg020/aeg020_203_l.geomhkxbnd.dcx	be22c8e8c86d59a7f1b366d981274db7e53a5e1aebdfde1562b18c9d6e5a503d	11696
ER	asset/aeg/aeg099/aeg099_135.geombnd.dcx	76ac101fe82f00129d4a62f7c7d10f3db380da28cb6192e9f1b076a2aff47a1f	235296
ER	asset/aeg/aeg099/aeg099_135_l.geomhkxbnd.dcx	ba48968efa27c3317b0aafc58cb242ff44240f651ce0b780e7548cd19e295911	17033
ER	asset/aeg/aeg099/aeg099_723.geombnd.dcx	f37b781ea372d15b777ce5297a7604fb65f86825ac8ba971ad072d69f1ee0ce1	168432
ER	asset/aeg/aeg230/aeg230_295.geombnd.dcx	44b144d0ee2ee4f30b1cafa8c0a42e06fae6eb584721507ff88b26a406449f15	480848
ER	asset/aeg/aeg230/aeg230_295_h.geomhkxbnd.dcx	7022c9d848f6460450bb73102ee098d24e16d24ec9a16db7aeaf6e0506a6fd7f	1173148
ER	asset/aeg/aeg230/aeg230_295_l.geomhkxbnd.dcx	53d727797590f83854a3c8d88ff28e98f801e54336df1d04e086bdd87df0932d	99984
ER	asset/aeg/aeg230/aeg230_298.geombnd.dcx	ff5a7d4547283a27d1b7587eceef3373bb1a9b18a0b0cbb164cb37b585813304	1127648
ER	asset/aeg/aeg230/aeg230_298_h.geomhkxbnd.dcx	70d61a73506c88486fc2ce69c9155fc4b251e67554796ce0ce89fcbd17264e94	1870225
ER	asset/aeg/aeg230/aeg230_298_l.geomhkxbnd.dcx	04512230ebdaa3b042ab19b1a96eaeae96cdd3205d078cef61c045ce4c9e00bd	36708
ER	asset/aeg/aeg230/aeg230_811.geombnd.dcx	a7a2486fa2c23b462c3df8b61623a8988023c00f75b96da69f41591d79d13a62	23056
ER	asset/aeg/aeg230/aeg230_811_h.geomhkxbnd.dcx	6b8b6665b3d4f4f4b9c2cafd95797f1c8d233456f273adccbdcd1990ca304d61	10411
ER	asset/aeg/aeg230/aeg230_811_l.geomhkxbnd.dcx	700244b2fbf1c3f578aa78fcb8b5e3df834dc52f6273916ef6d396ce5c78e12a	10411
ER	asset/aeg/aeg230/aeg230_826.geombnd.dcx	1381bb157fd545b6d17d9e92e025f45a9f616fcebe16c19ecafec735b073ef9d	176720
ER	asset/aeg/aeg230/aeg230_826_h.geomhkxbnd.dcx	290449d53c42f71ccb5faa47bd7f94dc077922a8bf152b6d0167bc507d8a9532	56119
ER	asset/aeg/aeg230/aeg230_826_l.geomhkxbnd.dcx	43e9504527283a8e0aea2596014de7e5cd997bcebd5baebff24c7e6127651df9	12899
ER	asset/aeg/aeg237/aeg237_004.geombnd.dcx	8a2184e04d07d41ec6f6726f10ed69d0d0933b486032c42fdce88b5344b91248	51136
ER	asset/aeg/aeg237/aeg237_004_h.geomhkxbnd.dcx	0f917e27333f0d0beed7613c7a8287f09f0a0d9356b6bad5614ed8e669be36ad	25150
ER	asset/aeg/aeg237/aeg237_004_l.geomhkxbnd.dcx	0f9d796a883a6e8576e7154b4b0ffe8738cd95b75597cb3e951173baea14ad21	13625
ER	asset/aeg/aeg237/aeg237_055.geombnd.dcx	8d74ee8b812aabd2e4b89efb85f8254975ea0ac5eac07c0ffad8cfbf0eef913d	241328
ER	asset/aeg/aeg237/aeg237_055_h.geomhkxbnd.dcx	219a06bde19fdec6b04f692fd372381b5428b1a18c7c383df645160d4807a8b7	28269
ER	asset/aeg/aeg237/aeg237_055_l.geomhkxbnd.dcx	44c21c7962352b230086e66437f37c63e1b02ddd1a2097d03b125e2acebe7739	10036
ER	asset/aeg/aeg237/aeg237_061.geombnd.dcx	2690119464924fdcea24745d36859fdf386f74c8932fab8ab96d4945cf2a14d6	126688
ER	asset/aeg/aeg237/aeg237_061_l.geomhkxbnd.dcx	43cf868832850151f3349faec6ea7133f64113803238e27df7c4c61b08fcbcb9	11795
ER	asset/aeg/aeg237/aeg237_062.geombnd.dcx	988498df8da8cd83571ac1275a16cf7d8e17d6d1b6ea1a3b80bf1755afd9caf5	1884928
ER	asset/aeg/aeg237/aeg237_062_l.geomhkxbnd.dcx	0bcd1621e7920a0daa232dd7c4444cdf4c5deb7a56e0a01f1dc917046125ee42	161207
ER	asset/aeg/aeg257/aeg257_035.geombnd.dcx	62167c6aa06067a9ec6d45bbfba3bf44021dd83949161c54e1eaadcad7dd38a6	36848
ER	asset/aeg/aeg257/aeg257_035_l.geomhkxbnd.dcx	92d6700a4cb1b5d833807b74ec1d9637bedee829330cc74eb00697b82ba73170	8603
ER	asset/aeg/aeg260/aeg260_189.geombnd.dcx	24a44b1859ea1b10b25ef3629b97af2bc23be732baac2c84da64341a74fbbb9c	48400
ER	asset/aeg/aeg260/aeg260_253.geombnd.dcx	6a4f22b6026c13c12d899947e73b3b1e1c9edcdfbd44042c976ba5a53ce9e849	256544
ER	asset/aeg/aeg260/aeg260_253_h.geomhkxbnd.dcx	48127af122246927f0193c5b9a2da858907efea4db0d5e95d36819b53225e459	107882
ER	asset/aeg/aeg260/aeg260_253_l.geomhkxbnd.dcx	f1be266ca689345ee431340bc7bd042aef3eebf7f054d2288b23fe5412d8f61f	24371
ER	asset/aeg/aeg260/aeg260_445.geombnd.dcx	d0b6370f302a1af27f6aedab6ff36916f4cfbc8dc1d53ad652bb4130ed36ea57	23168
ER	asset/aeg/aeg260/aeg260_445_h.geomhkxbnd.dcx	0dca0410a19c1ef1c930e185872ea4b3e82273b182b2984f69141322a2f69f6b	24742
ER	asset/aeg/aeg260/aeg260_445_l.geomhkxbnd.dcx	89e0537cb20e99cd1dbf24996c981a4226d516bc7a5bfe388fcf1d744e773202	9565
ER	asset/aeg/aeg260/aeg260_455.geombnd.dcx	7cf2f1e90d61af4147ef3167e146d14c440702f1d4edf64602e0d023c57a4b9c	78800
ER	asset/aeg/aeg260/aeg260_498.geombnd.dcx	608c44630f189f9b7fcc921594c0aec2b1024e45efe5c4d9883cdc0d86ad7350	352496
ER	asset/aeg/aeg260/aeg260_498_h.geomhkxbnd.dcx	1f3c838f4fcac1ef8c3ae0361713ec1a3d7fa30d276e63b61a9737dbb3a43f1a	226996
ER	asset/aeg/aeg260/aeg260_498_l.geomhkxbnd.dcx	9d1db8c5ce988158aef8afbd108840c372aaa248f452567415074d975f07a50e	9421
ER	asset/aeg/aeg260/aeg260_645.geombnd.dcx	605ae7847df3ef616d0c1edd7bd73008182f5aadc5368ea23633b71b6a8bd286	81664
ER	asset/aeg/aeg260/aeg260_645_h.geomhkxbnd.dcx	ad081bd343ef7934d832f256ad6b5aebcdd14255aa933ba8b6360c3da5b45a2b	28787
ER	asset/aeg/aeg260/aeg260_645_l.geomhkxbnd.dcx	60b07614af81a3fef7ea15221db07ef1ffb545591c0796ef3a539d0384936798	10907
ER	asset/aeg/aeg260/aeg260_651.geombnd.dcx	118941fef88d2cf73a8b8adcd720566c73159d773d157a167e06f4e66062f299	769360
ER	asset/aeg/aeg260/aeg260_651_l.geomhkxbnd.dcx	90810e59ed48fa05e0d387e5f48d4b77d8d2ef78ce576765001552958d985ce2	19393
ER	asset/aeg/aeg260/aeg260_666.geombnd.dcx	c4502d8bd9a6187f0a41564f82ccd6727407002447f606e704314b2b914ded0e	169184
ER	asset/aeg/aeg260/aeg260_666_h.geomhkxbnd.dcx	261c972b11b623a00a685d7e8f89044d07a17ce9398c464bdf56e632e9836cc0	40616
ER	asset/aeg/aeg260/aeg260_666_l.geomhkxbnd.dcx	23a936da61cfaa77fc275d282b43216083bdda2650c5cd50df3d04657b7ba50f	14855
ER	asset/aeg/aeg260/aeg260_678.geombnd.dcx	65a573b0cd356158f978929d51c4e8d2d0bf7a070aa1152db7bf31839a1b55dd	207280
ER	asset/aeg/aeg260/aeg260_678_h.geomhkxbnd.dcx	549910e584ac49c9d9d848203b339cbcaee311675192a3e9d656150fd67c144e	25485
ER	asset/aeg/aeg260/aeg260_678_l.geomhkxbnd.dcx	23a086c86203886dcf91dffb3567fa12d8fbc12581a752aa2e76ca0e5d5e8c2f	10043
ER	asset/aeg/aeg410/aeg410_304.geombnd.dcx	1178b6104fcf33ef581368933f2137b98d4ce6e168b6db60954bc45af40a2997	1427047
ER	asset/aeg/aeg410/aeg410_304_h.geomhkxbnd.dcx	7293b711bec0dcc4a81643f00c1a7c1a8a3c62f99122be4d08f819ba5533b257	37477
ER	asset/aeg/aeg410/aeg410_304_l.geomhkxbnd.dcx	0766a5a5c823d22d0113ce7a86bf513450f294859757792f961c82125d98f93e	37506
ER	chr/c0000.anibnd.dcx	2760d1e1bece52c47003c30a4ca6d4d141f702ccf0610541f43897ea58b1788d	6872288
ER	chr/c0000.behbnd.dcx	062e4bdd8ede6188b62254318838871e5bf63ffcc33297543d449a1825fb87d5	528192
ER	chr/c0000_a6x.anibnd.dcx	d6c97be808d20a19dc14a67067974567bbd8648c5e79f939350de810f7b57466	57872
ER	chr/c2010.anibnd.dcx	30248008aff915f190ed5c6378cb7a00c6b23bce04bc934f96e4ae520866f90b	62384
ER	chr/c2010.behbnd.dcx	939b3a97b5958a073bfbbefba93c66b4765d8beb3977cba02f0b98955931399e	73536
ER	chr/c2010.chrbnd.dcx	17dfbc0f70d17c97050aa6153400daa321283e1429b7e55bbb5f7f8eeed80110	2231856
ER	chr/c2010_div00.anibnd.dcx	c79aed5bb0ea806cbd74c942641e2dac8a9c816c6d45e20132428c48f6166135	1296128
ER	chr/c2010_div01.anibnd.dcx	f1649e9131785915e432dd09ef05aecc219553f95b73028b214af10ce5b748e6	1339632
ER	chr/c2030.anibnd.dcx	515b5327908cfa39125726ab7de98cd2de80cd1567e7bac7e30b14f9ef0cef5b	572464
ER	chr/c2030.behbnd.dcx	5f3823719296e5b9042fbdacbe093ea36ae6d3c562cd705b0e3030386737930c	53248
ER	chr/c2030.chrbnd.dcx	9eacff84d771a1ba4fda54c4eba653cec6865c529c65ae79b4511b287c52e718	3055168
ER	chr/c2031.anibnd.dcx	7679e50545fe1b980816c710a8bffb04beda6ade299d54da79a3098d5efbfefc	2055440
ER	chr/c2031.behbnd.dcx	cc9490a4e94e6aa592134bd046abec2bae9d394a5fa291dfd115cdbb941cec82	68576
ER	chr/c2031.chrbnd.dcx	1d39a05a7a227efe1751982ec0bdefa652afdbd319f628e31eb6d438ec3c41d9	1835184
ER	chr/c2050.anibnd.dcx	0bda8df944a26688d855ff801269955aeebb87b859768f25a570cde6042bda9c	192384
ER	chr/c2050.behbnd.dcx	9e8d18f14498462a4129441224e9bac933ab8e5ac034bd43eb12a7654b9c26ff	27840
ER	chr/c2050.chrbnd.dcx	25d9dfb12130e46c6ea9f7950a96bca69245fb042f202bf084986c2fbc20c09a	3988192
ER	chr/c2110.anibnd.dcx	a5b0cde151a2af28c7c62d3ff1e2eb49457d712f4ecf763b1bb34bd9b84ef72f	71360
ER	chr/c2110.behbnd.dcx	649afc7fdd74a7464ff19081e19da8c472ea3e6800a495d4b9ddc4b9c9491577	60096
ER	chr/c2110.chrbnd.dcx	e301d4f7316ddaecb26ffb69da898f5842168034e5de2e954313babc8cba0eea	7110560
ER	chr/c2110_div00.anibnd.dcx	ac4851a42e78050ea1878b9017a64ca56283fefd07133f8397effa3957c99e65	843392
ER	chr/c2110_div01.anibnd.dcx	f47041754cd24987ed01b1c4f63862b52cf347a4fee9dadc230045409908a293	2972928
ER	chr/c2120.anibnd.dcx	aab5c47675110209a0fde9f6d36f1ba9df6773d5e3c23054b29f39ce4fdb90d0	96224
ER	chr/c2120.behbnd.dcx	a27d7a63e5e5b32a22aaf5ae6b6185f5b033f4871c6f5d9dab27449012f53d53	69584
ER	chr/c2120.chrbnd.dcx	421d3e9be3f85280680e885a46be9c2bbaadb5730591e2ad5f421f273ff0f206	2830640
ER	chr/c2120_div00.anibnd.dcx	965879ef2932a0dd9781854995f9ecd23932c25e30ae7c8807f8bb60070f7f57	2036064
ER	chr/c2120_div01.anibnd.dcx	0d3ed95597a6de33900705f4a1e2524fc08e44163408ce00f0aeec37b4e6fa73	2065600
ER	chr/c2180.anibnd.dcx	a544c78bac33aa6b8a76072f79f92fed75511879aceead25b99c16f9c0e308f7	52912
ER	chr/c2180.behbnd.dcx	675cb4261b92bccac47fe3c01b39d070411e27e37bd6e74f3d8af2fb64a7c151	68560
ER	chr/c2180.chrbnd.dcx	dc379fca0bafe41c1d8e71dd326189e34a76da938487f3d97f6840945e529757	3226368
ER	chr/c2180_div00.anibnd.dcx	35e46db49c9de1d8f15cf1d275de7997333288ef3634ade8e8a963b5e04f430c	1104464
ER	chr/c2180_div01.anibnd.dcx	5314a9fc3977f195e387c8aa12a837afee1cdf603feae41ca79dc32a5b3f47c4	1375904
ER	chr/c2190.anibnd.dcx	cdf4c1b4c1c365c2f35c13397157b90f398a0c0618bb6f3d02550e01048fbcd8	1640576
ER	chr/c2190.behbnd.dcx	2d2a650cfa680c07996b79f7948e22b2b19a0224f67acbf52db7ea63321dab74	62080
ER	chr/c2190.chrbnd.dcx	16378f304619026825bd2c4b22554db3d1075b77c957e04d939dfa834d1ed039	3180256
ER	chr/c2200.anibnd.dcx	f644f3c011c8ceb3021dc60c435c7d19aad56a462cf37d6c150c2f7312557698	55888
ER	chr/c2200.behbnd.dcx	f2d51f0deafd24e02ffbf7f688bb0fedbbf16e1032e1d34c03f42500d43fbf7d	53152
ER	chr/c2200.chrbnd.dcx	36d09b127b9677438dfe215bfca65d7a7c7b06d4b5d339b5e61aa94549a202db	5072944
ER	chr/c2200_div00.anibnd.dcx	821159cafc0b32f1145b0317a504a730470711b60a782fd45d684198e7ade095	1706352
ER	chr/c2200_div01.anibnd.dcx	44f942f366ee7b55d36f247197639d9701e74bc300e5df1bb1cb58d0b160a36b	2315520
ER	chr/c3061.anibnd.dcx	ddf5983879bfd269c99e0df36ddeffe5e9f31b9cea941fc129a52ff90304767a	8304
ER	chr/c3061.behbnd.dcx	6f6275b0ba550ee57ef5510abd79b12bb1ddfb308d16bf5960fd246ed30e725e	191552
ER	chr/c3061.chrbnd.dcx	a5a6c666d4988c9458a30f24dfd0ed4f6697ab53945ac2a75cba3f3cd402d0a2	831696
ER	chr/c3665.anibnd.dcx	188bff3e896b47f1499b0283ad46ceda8e0610e176faff4eafb969117f306c9d	11104
ER	chr/c3665.behbnd.dcx	1876f56225579a4d069684e0b23af1382c02d3cc2d8682ea1b9984477eaf642c	191520
ER	chr/c3665.chrbnd.dcx	6a6ddb784c577bd230bfc7595f09ebae4695575a4514fbbf1f739131bffbe4a8	894496
ER	chr/c4361.anibnd.dcx	81809307211b1a4473f28e56c55479fdc6663931194fc3944f7f9df1ac471b19	8624
ER	chr/c4361.behbnd.dcx	90070ec8d13f82a54feda145f8e73fafaa260c5132a603cddb3ed5e9539e1a76	190016
ER	chr/c4361.chrbnd.dcx	14a99ff5cb289d91c007fc5246ffea68f10ff7c8fabe682f8e4fae119afd6a83	1023184
ER	chr/c4362.anibnd.dcx	ae61486c53271e4cd695ff70ed56bc3affbcd040235fcd875c4659b84413b9d0	8656
ER	chr/c4362.behbnd.dcx	a8e0e05776662ee68df6a01696e04e9a547ffbb37422a139c1e27f7e0b7c9f54	190000
ER	chr/c4362.chrbnd.dcx	e44665d86f5f7ff56394f2672276d7c889726216dc2f09a8dc1c8b4f4289e275	901088
ER	chr/c4364.anibnd.dcx	d864c032c1a027244ad4703f1ab899a0eb3bfa699d157e2410a7357e6cb19c41	8624
ER	chr/c4364.behbnd.dcx	4348b54e7b7933dd840090ceeeb9c5f56d11786e61989cb162dc8d7c64eee2b9	190016
ER	chr/c4364.chrbnd.dcx	0e128f721795f829aebee87503205017e7d3b27d649fa6a4765c4d00d8ab41f7	972784
ER	chr/c4365.anibnd.dcx	b0f9d2aa754d39a73cfdc92a339d7020fd973b8a6edea92f672174d1378f64d2	8624
ER	chr/c4365.behbnd.dcx	485f363949177546a4df2aa98cbd6ca58f7de8cf0002a3b3b45bf7b3da927ee9	190000
ER	chr/c4365.chrbnd.dcx	3e5863552f2b08990697fbb4af6643354fb24606d09bdf27cd57265a6dd9683f	705024
ER	chr/c4482.anibnd.dcx	4e6295e05c4cff34393b3aabc745fcadf87d21fa7c66e0269968e1c982f35fc7	20944
ER	chr/c4482.behbnd.dcx	7c74bdeb463c741fbd298a639902730741ef6d030159dad45a7a8e3f3f0df529	185792
ER	chr/c4482.chrbnd.dcx	5065e475d459f9c47adba186e37de21bd6adebc2f7c60960306e886b7ed1d5b0	1855040
ER	chr/c4483.anibnd.dcx	a8943d1105d40c8202108f85a89523ba338967c5c88a835fa00446534f55a9d7	8144
ER	chr/c4483.behbnd.dcx	3390ebfec338f2e15f33a97879ec5037e8fc610b6b52be01bc8f9fb3bb4873a0	185776
ER	chr/c4483.chrbnd.dcx	66030fb4a04c606f2bcefd137cd30d8b1f4fef4aa75b629f9dfa6601def78ec4	158096
ER	chr/c4502.anibnd.dcx	200e5d2b08ef6e7ff3a8b0f76c997d05d6808fe7ad459fff2c478230522400cf	45024
ER	chr/c4502.behbnd.dcx	bcd915032cf890b67c8ae8ec37142aab0d2c6305b04bd6ce655a9242d9d60509	191952
ER	chr/c4502.chrbnd.dcx	e9b04535923cf33d9cb48735952defc2b5030f1ab9376e5535062047a0fd4318	3456064
ER	chr/c4511.anibnd.dcx	ee939695a09050f2483c2edf612ab72eb15a8d744ae4963abaf161a370a3c801	16336
ER	chr/c4511.behbnd.dcx	86106c2b40a324c95edeb6f92be87f2a5170db3f0e6ba578149d248cf8f31345	191664
ER	chr/c4511.chrbnd.dcx	86d6f0c427b172b28e4dd8c1e2a34bc6011835f4679a7dc5958e6cb453bdf6b5	6994272
ER	chr/c4520.anibnd.dcx	8d36e60ca944beb813dfa66b72a21e3d61348082c33145ed2db45f62d5e978f8	86848
ER	chr/c4520.behbnd.dcx	2178c85f1f267f4d7e53550837a3db5a03a1788dd12b0cc8654878dc1b96355b	64224
ER	chr/c4520.chrbnd.dcx	b46ec72443be2539ae64741c0fe97baf857481b4a7bedae117bf43a24a676ab8	10695088
ER	chr/c4520_div00.anibnd.dcx	e46648a4410f75a2bfe699632a250e019bd332cf3a3b810c584dd453d25183f6	2541648
ER	chr/c4520_div01.anibnd.dcx	f0045dfe88475573aa5997cb950e751ee252cf9c541a0855ada8b1a24bd7c342	2919856
ER	chr/c4520_div02.anibnd.dcx	828c8aec6421605c1770c816b0b83b3e60fe9c48bc0a69d063df16e05ac03eff	2796816
ER	chr/c4520_div03.anibnd.dcx	55fa416edd5e0bfcc15d02d42d3554e947ec3e087cc6ceeb4723b348e566dc2e	1715520
ER	chr/c4520_div04.anibnd.dcx	d0f5221f3c1329768378bc8db6542f370e0f9ae56507eaee41716dc1ed0b9191	2410592
ER	chr/c4604.anibnd.dcx	f57c26b713efb6622e1749ee44a6a4e61cf6c7c48f1dd7d149daa11921e7006e	12352
ER	chr/c4604.behbnd.dcx	b785b1f85fdf855bdbd265c6e0631656f1e69c93dece2b84a499cf8e8a205079	192992
ER	chr/c4604.chrbnd.dcx	df291bed2ccc6fda0517f46fce6df8c350cc537a0f71f4e9a1a782521a18d9fb	2800048
ER	chr/c4710.anibnd.dcx	2c9c02ad2acdaacca8e49f988bbe0498e1a25af97dc1e65fa9cf047cd934e28d	65920
ER	chr/c4710.behbnd.dcx	2eef626854384b41f68f5bb8589ac403fc2d3e8df8c1f029284659c6ce56020c	60224
ER	chr/c4710.chrbnd.dcx	a4a51a8a6882bf86418a5c38801458c6fa0ff1cd5b12acd80a42aeaf49c3403a	8784736
ER	chr/c4710_div00.anibnd.dcx	a8a424066bf7e4cc929dab4775329741731ddae4b56df7aa7ab523fe190f7a0d	3612064
ER	chr/c4710_div01.anibnd.dcx	5eadd903a20bb1adaf1ec430bc3f58a2b49813cc929197074c0ebe9698eac0d9	3242288
ER	chr/c4710_div02.anibnd.dcx	335ace8e1729459c2362ac85346c14d3762ad7a1905e504fc868334069ecb4fa	4018192
ER	chr/c4710_div03.anibnd.dcx	151b1766e2d711e1f0aec978a623381ba10103ead5dc170a0a9ed2d9afc3be69	3682848
ER	chr/c4710_div04.anibnd.dcx	b1b1f60371de1f72c714142c174b987f990834d253abc22d007a3681bc57b2b8	3803760
ER	chr/c4710_div05.anibnd.dcx	1e4fb1f23061318d6e884862bc8570aa49bf79410b59591719fe1fc6f53ded4c	3052544
ER	chr/c4720.anibnd.dcx	9ef823f85e62a8c53575648f0d6379f70236b31b3ff19351ffeea27ebbe4d304	2326688
ER	chr/c4720.behbnd.dcx	46962d59c1a1fb4f75198b33a91a68ce47a3533dfe3f1d22011f5252d7873917	56848
ER	chr/c4720.chrbnd.dcx	679c11cc9de2f5c6b7e890e86f850fb44743ac7cb864d8e75b3d1b8ac7bbc765	11426032
ER	chr/c4721.anibnd.dcx	28984a43e14b56e987914a5236a6e2c43c717acfc5eb9db7f3bc74c447218d89	3037040
ER	chr/c4721.behbnd.dcx	241349440c04074731c0ccd41816f2b28bdbcc3c3f8d48b4fe0b9f757b8e38b0	58448
ER	chr/c4721.chrbnd.dcx	f2b2a493030abae976039994e5f306609087d7f5a4879980242f14230f84ff20	3757264
ER	chr/c4730.anibnd.dcx	5b65a94844254af62632599202a2d7fcf8e9a733dc2022c1b8f4852b6d5d440f	116736
ER	chr/c4730.behbnd.dcx	14aae106dcbd32cf1d94343d1cbabf80a4caf0210afcecf17fa11814f1b711dc	70176
ER	chr/c4730.chrbnd.dcx	baaa071331ef11b1feaedd206ca8eb5e3740b5da5daedf3cd6f72d08c3a58f3a	5601360
ER	chr/c4730_div00.anibnd.dcx	744ebea0d6db0f33b044f8676f1d19d1b06910d8ba02a9d76116066541a7b40d	1769264
ER	chr/c4730_div01.anibnd.dcx	a575cb37b0eddada6c2d1bf450c31f35bffdae602053b1cd36a78b5bacbf48b1	1843744
ER	chr/c4730_div02.anibnd.dcx	0bc848fb5639c502fea7c885172926355730397939153d374389dd6c998c647c	1563632
ER	chr/c4760.anibnd.dcx	b79f7d13d13783bab74b1e8bafaba091795e4685aea432b771a383389fb7101c	71232
ER	chr/c4760.behbnd.dcx	fefb25bdd00535497cfb92117ae4fdb05dc96dda0f9177537d146f107e089f64	60816
ER	chr/c4760.chrbnd.dcx	7834467a4e9b29860dc659787d6b2057323794e998471e26c415bd0348b065c9	14687760
ER	chr/c4760_div00.anibnd.dcx	ff13c371b3c67546ce5e6a0db74b98a590251ff94eda1d602fa1175f06278eb4	1828496
ER	chr/c4760_div01.anibnd.dcx	111a221a9a52ba1a6466a97e130e9ecded26a264cf03a80d487879be99cdd9a8	2117696
ER	chr/c4760_div02.anibnd.dcx	e522e47d59c9573fc6d86d0fa02e4f7ee426c70a7d968d09dedd9a243eb1b139	2118912
ER	chr/c5000.anibnd.dcx	da2987d0596b6e26b15a6a7e92dddf51b2a137437026cd9bfb65460079488e8f	2830736
ER	chr/c5000.behbnd.dcx	94d6473194e0a41f73adb23ed74e074a5c0d7429a5b31e80951b4f567b1c7607	60708
ER	chr/c5000.chrbnd.dcx	964f05bf50f865c7b56ec40b032138593e58e40215377b475e812213cfb87270	2348239
ER	chr/c5020.anibnd.dcx	3f58e6a0f4a6682e17c0ab08481c00d0ec41b806143a78947b01db5a3da14b75	61853
ER	chr/c5020.behbnd.dcx	db3a6bd66af46bccb7cd7511bf4491a89da75b0fd2ff4821986ed9f51842b9ff	61739
ER	chr/c5020.chrbnd.dcx	5af0663da618ee57be00eac8b6997e6cd8714087b1c9540ec298222cb417ff43	2719991
ER	chr/c5020_div00.anibnd.dcx	4dee96f2adee36040b1c3a9dc46282b59a417cdf2c025955fd15275a5dd08e65	2935279
ER	chr/c5020_div01.anibnd.dcx	0e3e54296efd61e29cc76d2eec9e9555a3e8afe6d1d2ee06e63208ab46621212	2816923
ER	chr/c5030.anibnd.dcx	ffa23fee8358d1d7bdff651c2a9eee35df4f1a8649858cf70fee33577e5ba8c6	68084
ER	chr/c5030.behbnd.dcx	8c9a2713cd4b8e241ecdf2a268fbfea64261a2aa3bd141766fd32e83932af047	60131
ER	chr/c5030.chrbnd.dcx	182c101974028c9f8df380992ecc0df2f00d74a69cb019fe24cbb934da01f31a	3081566
ER	chr/c5030_div00.anibnd.dcx	b251d4aa42d8e8284225a42a65a51bfa7465164535042ed3a93c5c4f5c86cfb3	2812787
ER	chr/c5030_div01.anibnd.dcx	1f22d8589078c58b5ac98158f929466a88f618a9717510afb777e3790aeb3fea	2184011
ER	chr/c5050.anibnd.dcx	bce1f43158d7ad6a079bf20789e20243b660dd3f6204212e4f0c60d9f48eae06	1266934
ER	chr/c5050.behbnd.dcx	33070047d13b071836e5f120f28c1518e4665b3334d0ac3f0c9f55e055a8f704	59302
ER	chr/c5050.chrbnd.dcx	ee3019e8ef0e73d6f902ad44d853ef943b3648faa41c9eb06a435775a9b91890	1644602
ER	chr/c5051.anibnd.dcx	7da03721b6af00c28bee0a083c2662dd445d42fdf770862448dbb8f5a4dae150	2541313
ER	chr/c5051.behbnd.dcx	1baafc7ceca1a1175f0d355356bb3dcc04cf7b2ded3c96d533f6ff5818145f3b	63251
ER	chr/c5051.chrbnd.dcx	f28dc9d0aef0d64f38e12008e84550517475fbe02ced62eee09785fa8a0e984d	1477038
ER	chr/c5060.anibnd.dcx	2dc8b87412bea40b1dfc644a54fb01c7c048417212db5a8457edca4f04136d2b	3201934
ER	chr/c5060.behbnd.dcx	a1ec766ee9aa02291a4fb6199f08fdc3842e646f7a9ccc1b3e2ab99f82c455d1	72125
ER	chr/c5060.chrbnd.dcx	c9e0e11b19d0b00097a525c87e8d3db47408f10291494af234c70cd238eb6309	1506258
ER	chr/c5061.anibnd.dcx	36e5c09071bcea56fbeb371d49d5d19229ea1d49cc1500d72a71903a1765f61a	9697
ER	chr/c5061.behbnd.dcx	c8e709ac29fb13ddee16f728642508010ef7b90491e9f89f8e59ad9ca7662438	191579
ER	chr/c5061.chrbnd.dcx	9b619c002cd4a0918cddccfd70b9f23abc406cca351721a05011de015590e744	795902
ER	chr/c5120.anibnd.dcx	42fee11ad584053ec96adeef4985b161b4a5753891e7f7decbbd73b4304a37ef	54326
ER	chr/c5120.behbnd.dcx	e1c869dd558d89dc665c7f117a9b81f0d1409d9cdb73e3430325bc3f684459d3	52497
ER	chr/c5120.chrbnd.dcx	6142ed93c60a14d8345e1f4aca47a64588105ecb9f4b41ca3b4d88eadc6dc6bc	4740199
ER	chr/c5120_div00.anibnd.dcx	f59080c4e0d13619c94418e61550c984b7c1b001263c876608d1ce00ed055e5b	2164747
ER	chr/c5120_div01.anibnd.dcx	09b00c1fb7c9eca9b91b6ace828fd04a0aa4e4a3e82f019d5ff468663b77c135	1898123
ER	chr/c5130.anibnd.dcx	364f294e61cdb8cfc6345236031c2077986922feeb68dfe6a8a654b984fd5c06	68852
ER	chr/c5130.behbnd.dcx	5940276a04bb616f36758514677bad0672f03324f06b1fb1dc256e377f171057	60496
ER	chr/c5130.chrbnd.dcx	5393e1c9ba29861e383949924a6d6370b423b9cc68371f5201cbe5cc6569baf4	5449318
ER	chr/c5130_div00.anibnd.dcx	b2f64745499125d1fb2e4862f8f0796e28ea2b4bc7974dd86e25cfd2c2e5b19a	3051269
ER	chr/c5130_div01.anibnd.dcx	ab320eab8b9d79a792790ed5ef35d31db907369f6f61885855a466fb36288f7f	3320582
ER	chr/c5130_div02.anibnd.dcx	25e332849141d6f946cfa24fae63c6a88e0734371a5e05c07426d21305943663	3211017
ER	chr/c5130_div03.anibnd.dcx	9ed125b959059105c65de2c718932e434a2ff6adcc04a5dcd3ac2ada347be19d	4011666
ER	chr/c5131.chrbnd.dcx	0e8a5d00b7b8b66f9527143901a087017bdf47692019a83b3162febd88d9eb2d	3119204
ER	chr/c5132.chrbnd.dcx	c997963a6d8f17637b5c961e02ccdd18321aad00bb64d8985c90dbca294b21f4	4348810
ER	chr/c5170.anibnd.dcx	1a89ad0ca6075ec31dcfedd74d01ad834c1fcf6423db27a52d0a61d47a2a7c99	2677711
ER	chr/c5170.behbnd.dcx	b5dd06ab13741f0fdb6d6a20ab188f0480f342ddef755b744fbe36d172289f42	56538
ER	chr/c5170.chrbnd.dcx	298cb2b5a06f64e5a50b8af389568521639786866647f0f5474aad7650b7bc3c	7288714
ER	chr/c5200.anibnd.dcx	ef526078e1dd60937d37154e6409f0a47b6ef8971fa2569892116e0c7fe588e4	3058828
ER	chr/c5200.behbnd.dcx	d16cd7ff12af145ca7a4218a71925adf3c812d499bb3ffa37edfba45f931c709	51312
ER	chr/c5200.chrbnd.dcx	a5281417a666c563f79171edf33872357900da2a1149c7c542505ef9ab9fcb27	4305808
ER	chr/c5220.anibnd.dcx	b91122dd0108794407955a46ffbeacfa283306521f6d4da46ea008279003f893	60833
ER	chr/c5220.behbnd.dcx	cd0839d96655ab8a64bf31dd7c2b2b27f1994c5cc1feed52192bd27949c99bcd	60012
ER	chr/c5220.chrbnd.dcx	b83245ac2fe8db16a1c6a88d33f46a7228091cc18173f274d279af4746de5d2e	10302267
ER	chr/c5220_div00.anibnd.dcx	1ce33025871686bb399572e157728e5e6c3fa12451bcac62451dc7ed205fa8fa	1801890
ER	chr/c5220_div01.anibnd.dcx	4f71852be2a560a70de165c33127a1c9e517d5edd2570a9f48f5aa9332490067	1580452
ER	chr/c5221.chrbnd.dcx	c6728c836e89f427bd8660cd6bf8e19c97dabc059d294c9e875e9ab4da0dac70	156124
ER	chr/c5230.anibnd.dcx	2171eeeeb2662619cd1e5bbff36a56ccbe6ac99dfb982432e53f55373c499221	48899
ER	chr/c5230.behbnd.dcx	c7b355736c5311b0ef1153a13508e06964500db8b222bd2a6a6c6d42a2042d1d	56604
ER	chr/c5230.chrbnd.dcx	986920e9c20e234c95f481b2bb634b2232d3119c998a6db85bf921f810d0a4cc	8158615
ER	chr/c5230_div00.anibnd.dcx	2417273c0fddf664e027931b04855b517d7575dfb4bfc09106fd796e794e6020	4371571
ER	chr/c5230_div01.anibnd.dcx	bf1a250f0ab65c812ebd8c80db8bdc69088b93b53d68e0743b571a7cdb55e7f3	3784561
ER	chr/c5251.anibnd.dcx	cc5e3688aaa78fe0741cb6f651afacc4908ab212f2bb8d932f4cc5ad10f8606f	126918
ER	chr/c5251.behbnd.dcx	fe32ec113b54ddc419f1d000215d63c446531d9dbe1fbdb0ece183211d92e2fc	35252
ER	chr/c5251.chrbnd.dcx	87c5035ef67d4c1b92bf730f75e5b40ed9c661ff427266f4113ca0c3fcb821e8	2155953
ER	chr/c5300.anibnd.dcx	d5f183dd363fbc35e92f34259c2f4fa00c83c620b44b14ad12d7147fec997108	2178139
ER	chr/c5300.behbnd.dcx	ca4feac56b2320b76d86e1cd8f398b96187f27032af1e19fc55160f4b7c698ac	60097
ER	chr/c5300.chrbnd.dcx	640b62cdd50613da947208b249c19e0d1e16e4d1d28c008e4306ca9bd40aa8b5	2185865
ER	chr/c5400.anibnd.dcx	cddb23ca18aa9b8f9dbfedf88fb53197387276ed3ad8074f0c18be7958e7642a	403663
ER	chr/c5450.anibnd.dcx	488f2a68419c5f1355b8a5d5bc297f534248aff07bc154b98b97b90875e8f9b6	609458
ER	chr/c5450.behbnd.dcx	76c34fa50758753df3309f6ff00d14be92698b24bf7af028865262122e8dd67e	58447
ER	chr/c5450.chrbnd.dcx	c77a73c6a1c1bd9dfb60444ce1eefda041f628895645971888e7d61c08478228	1004449
ER	chr/c5580.anibnd.dcx	2b8031a170595c2d577c2b83e1e5d4694c4ef69dca6397f813c35eb2e3dfe13f	90795
ER	chr/c5580.behbnd.dcx	dd8ae3638cb8605fe4e51875be8c585a01a2daa85d952907c772fe4fef8e3a81	60974
ER	chr/c5580.chrbnd.dcx	af649925260c23986c8159e7419778d3e285640a66b821a6efe2a6b751b278ef	2690040
ER	chr/c5580_div00.anibnd.dcx	d7c66068fa9e04644a646754b916f1fd77e1890cd66f86aee0e1dc24e7cb135c	2500125
ER	chr/c5580_div01.anibnd.dcx	348fcadb05693ff9257575c04031602ce5910904ab30e28daa9e5724dff4cf57	2624353
ER	chr/c5580_div02.anibnd.dcx	53ddcff3eca2bcda36f0af4d87c92bd759e3a6d4a7067ba7dab24f1c5e9f405b	2433951
ER	chr/c5580_div03.anibnd.dcx	eb17256111e93d3eec997353d233d5e2da921906c2b4b723f1896b44a91fbdcb	1373194
ER	chr/c5650.anibnd.dcx	671bac0681dc5e0c5b3913e34d4a62131f77bdc35307ec09693a433d61167753	97583
ER	chr/c5650_div00.anibnd.dcx	e47a5c43a619a94ad9b0d45077929c62b64e4d715504c3419c765af30640cc1c	1205085
ER	chr/c5650_div01.anibnd.dcx	d5e7ba51fee004d37ef0f365f3bac0bb690448694ec070c0c0571cffbc1e4fed	1181138
ER	chr/c5650_div02.anibnd.dcx	90bc19e7d80fdf95251850a894134a60bc2f301f3b6ac2d57d0466c925f58306	1200370
ER	chr/c5651.anibnd.dcx	92f1de9bb5248b2a27a233b5180f836f98ea4007325cde0278f2e496f82db2a8	8752
ER	chr/c5651.behbnd.dcx	d831cfa69249bdeffb73c713fea33cf258f9a3d22f156b3a73a5a54be3306dc9	191536
ER	chr/c5651.chrbnd.dcx	bc316782cd1fb621bf48e907a820475ed42ddb65855365a56d5b7f27c2aea742	764792
ER	chr/c5740.anibnd.dcx	bf835df69c5c45bd4f6d3d6398ecd5b21dbcad394a1c27ec814b6792620a9b26	83976
ER	chr/c5740.behbnd.dcx	48e82c374ccd40ea759916a8e46e9752c2bff512fbd9de825fa97a162a480f40	79415
ER	chr/c5740.chrbnd.dcx	deb78088adc369f77b54c52c38d1772e7a5af59dc974a55d7cdf10398eb7a00e	2039810
ER	chr/c5740_div00.anibnd.dcx	9737dc9626443645d3208f90bbb3b0f5d27fd4f6dab7d4f50692b86b76cfeae1	1660168
ER	chr/c5740_div01.anibnd.dcx	462d8c7229c5d1b7b442dba14588e32fe1ae533240d24f8cb57cac3a5c076f6f	1376199
ER	chr/c5740_div02.anibnd.dcx	371a88666409f9231587ecd01eb5a61aaf61207a1ed85f78a228c6c649ff07e6	1961980
ER	chr/c5800.anibnd.dcx	0c28f64ab90a7355cd7812ebdb2267e60324b698c373ecaa6a64fd4a147c7f1a	56274
ER	chr/c5800.behbnd.dcx	0113987544ca45dcfa89c67a89e49bbc6cf240e4973296fd7ada97678d9f9293	65848
ER	chr/c5800.chrbnd.dcx	34469a871b029c47d5171543fd4765c92d674bb4c15cc9d7f24f1dbd7fdc60a8	2174008
ER	chr/c5800_div00.anibnd.dcx	ce0858cc28fe61c1bfe32a396a3790acba58cbadaa3d31879c7c01d4bcaadc35	1728660
ER	chr/c5800_div01.anibnd.dcx	307f713d15595a7f3a32903394469c040eb257bbdd575645f5f50362dd42e9a5	1177830
ER	chr/c5840.anibnd.dcx	f81d5c20dab0500bf80bea7b72c0ea9729c152a6204706a00764be3fed048963	87296
ER	chr/c5840.behbnd.dcx	f094a39a6f36a342858509e3db1c4627aaa14190e1c4882eef45a19c4b66e18c	89952
ER	chr/c5840.chrbnd.dcx	77ee327a86b4a2079e78818bca5d54987f726a3e81a1ee7cb141c7897021d55a	2066208
ER	chr/c5840_div00.anibnd.dcx	d5dbe552a33419ef5a391484edb9fc061080bd67a9efaedf4ee02fc25931a51e	1928096
ER	chr/c5840_div01.anibnd.dcx	049720ac6a6256efd446e2d3c09fc0928f8eb21726bd0e82cc96db396a6ca56a	2083488
ER	chr/c5850.anibnd.dcx	570e27ccdcc839baa4254863410c10cf2b8a69ad5052c01760b197ba19a7debc	483243
ER	chr/c5850.behbnd.dcx	ebc7938fa5fbdc96d86b31d172b2f8ec7a4def701b8e95501c661644b1adf4b8	57757
ER	chr/c5850.chrbnd.dcx	9e4da2f439e389822b37de29ee804c56528b4332283f3093eff7b0c51080098a	284052
ER	chr/c5880.anibnd.dcx	486472ff17b0caee21ebf77fd2fc9618b18862f2ebe2e24b8f74804366dcfe4f	1044838
ER	chr/c5880.behbnd.dcx	410044ef7008bc441a06be54345f6738b10834b96f1d4867b051359808c107bd	64152
ER	chr/c5880.chrbnd.dcx	c5ccfb4a7b89b8c868115521356de765be61cdb65070d30a7aa59dd4447bb883	1144683
ER	chr/c5890.anibnd.dcx	2fbdef16354e66e6fb2fe69aecf2721932765dcd1c8e3e1fe96a3e1fc3aae0a2	992542
ER	chr/c5890.behbnd.dcx	57d8a34db81a7294ddc358c765350202606569e426244e4779fc85e00d0c4de3	64950
ER	chr/c5890.chrbnd.dcx	432e346aa88744ddb74b688fd2c964bcc241647ead383758eed7d05aa449fceb	873422
ER	chr/c5930.anibnd.dcx	bb57326db48a0df89d786b24970ec89e9367f8ce9b43ac0598921a1235b4e964	69633
ER	chr/c5930.behbnd.dcx	17b345e25d970c55a78d6deeb06276e2cd5e81ba9c3fef30656cba96b367f445	74576
ER	chr/c5930.chrbnd.dcx	3c5a265a61db06ae9666dd5067f1869c7638c5a90bb2dfbcb4768955f1dc7d24	1509183
ER	chr/c5930_div00.anibnd.dcx	0cf7c7eb10ba65bade209c9e4e27bdbcdf0afe61baf9fc4a46b362052e3134d5	1061080
ER	chr/c5930_div01.anibnd.dcx	9e110355986ea9ff1dbf1db5166dea80f7774be835016eb4d9d2daa935846bdb	1695364
ER	chr/c6010.anibnd.dcx	23c93b7fd139372ec457191b11bb293d810c98775421c89a6d96bc04518188f2	323152
ER	chr/c6010.behbnd.dcx	ac772a91cd4e3158c9a3b5b7c63e020d5f9330def4b9af221c49525b07ca3385	53872
ER	chr/c6010.chrbnd.dcx	38c09c38d24f921209a7606f9b9a2d67cfdc26ac485b8bd0d699d33ef560426f	834592
ER	chr/c6050.anibnd.dcx	857d488df4a1f6f1567bc227d099de723d080117342023ab9c925cddf8819d52	593856
ER	chr/c6050.behbnd.dcx	ff33dc95c8bf9ebea27dcf2a51e8951bc85554332a162fc24a09c6cfd73be283	60608
ER	chr/c6050.chrbnd.dcx	2afab19e98badeafde678b3e46e23286eb3020bddd42defbb7b54fb167f9e666	202480
ER	chr/c6200.anibnd.dcx	df426e0c47c9fa9151e8a098e5b0d58c4a379eaaea871c1ae94b58d7a914781d	771815
ER	chr/c6201.anibnd.dcx	a8da24efcab1685f07381b9980df487814059a699d54261989ff5dddc4bd4967	7046
ER	chr/c6201.behbnd.dcx	4fee22045a1b6814a2f9275931937d5a5c4451aabf472376051a0ce030775d5e	185763
ER	chr/c6201.chrbnd.dcx	23dd41d7a9573bd2c472f2177a5c9b9f155195fe7d672f04ced8daa9dbcf754b	1688336
ER	chr/c6210.anibnd.dcx	d0b363acd78f6331eaefc9640161d02cd7ad5130d39f4f960a4c2a85fd62f7ce	54511
ER	chr/c6210.behbnd.dcx	e829b3b4316d0aff1f6acc4a9276d0010111ae4e72117b98d6c6eec63cf54e6f	85392
ER	chr/c6210.chrbnd.dcx	975fac811c680e8d257a86a2ef0288d5170c950215122000359a88789840ac55	1076859
ER	chr/c6220.anibnd.dcx	40d0a68fa3b17a22738402c6d9eeebfd14d6ba2c74cc72f2ee9a96cbaef66bb5	1934224
ER	chr/c6220.behbnd.dcx	69dab7c8753b9cf61b95bd4b24d13e119540b11ef0ba7f83d6589180029fb0d7	77500
ER	chr/c6220.chrbnd.dcx	00dea26f7bebc5930adc50c4930a848b3710e0cc93cc0a1ec27ac1201052788f	515472
ER	chr/c6230.anibnd.dcx	2c1bf423ddbe2addd483ccb16d3447fd243a16641f8123493b2ff7bd20de3d53	152478
ER	chr/c6230_div00.anibnd.dcx	ffd766211ed8c23482d5faa554b4631f4db27359d4566b937c6e6f3434640937	1072245
ER	chr/c6230_div01.anibnd.dcx	a42591ccc714aff9840e221724cf28bffb7bf49464e2d1cc5a19bcda1fd2f480	1143715
ER	chr/c6230_div02.anibnd.dcx	4129d6e260330dad7eb65b7e9c7d3b2c349d0a0d362a0690c820b7494644376f	1895193
ER	chr/c6231.anibnd.dcx	4301b20d2e7464c001da250eaf05523c456ff9765102d262e8da9a834279e123	9234
ER	chr/c6231.behbnd.dcx	04f9888116a83285510dfa704a14c24085fd50c311806ac49256db0ce0b1af05	191540
ER	chr/c6231.chrbnd.dcx	2843ac0dfc72a9a061f29422d40d9bf1b1f9853e96803504dd20ef07e564ae68	1528777
ER	chr/c6260.anibnd.dcx	3a75487803a323d1b2d9e820cf046924d9f8699dff968a0d47ce79fe74925c84	61650
ER	chr/c6260.behbnd.dcx	e16093d1a851b92b952d1604138b81dcc6620c775ef8021367a0f4e762ea98f4	61595
ER	chr/c6260.chrbnd.dcx	9f6713d7c4daacaae342cbc5478a5518bb591831d5e958bc04130d00ff237cfb	3936074
ER	chr/c8901.chrbnd.dcx	a6c1b3c64de715fbf9496cea177a2e53dc6724bead3df18810fa93c2de1675ff	9498576
ER	chr/c8905.chrbnd.dcx	94ed4f6b1485281bda2d84ef8d946faf98309976e5f28a698753acce2ed4d002	2947152
ER	parts/am_m_2110.partsbnd.dcx	c0876b55e292b364b593ab0822a10de86e84c158ccfd3c0260d4b876b7921b4d	623872
ER	parts/am_m_2380.partsbnd.dcx	2dd9181310dbab06513fde6280f5873c76aa65b6bb00927c498ff750dd90b770	1787696
ER	parts/am_m_2770.partsbnd.dcx	62e1d6f88c5d234daf399e2b3560aafd8c5d134c65e49decea93c6494be56aad	1805664
ER	parts/bd_m_2110.partsbnd.dcx	c572b476b5a4a6b3b96bae766a43bd636b4f529a89411e3de6422280e036d3a5	7674352
ER	parts/bd_m_2380.partsbnd.dcx	616ec4c8d29df36075c8c8065973bbdd661ec4b0b8f168f3fe03407787b381b5	7617872
ER	parts/bd_m_2740.partsbnd.dcx	1d578f114cc6b2abdecdfda69902fc7dadfd98ebde60f11b8904d225f88e069f	12323088
ER	parts/bd_m_2770.partsbnd.dcx	073648b0d9ba0b93f43acc64c24c767e5121ed36d99958c36e58afc78293e113	7572928
ER	parts/hd_m_2110.partsbnd.dcx	8f2485afc3744a374b36b822fee5523d9f0d7307a7053ff22e81c96d0bbc4f1b	692352
ER	parts/hd_m_2180.partsbnd.dcx	94766700a40b2fcdc3ddcf534a5038735f48401d4ac61d5a6df0b0240e07c713	1618224
ER	parts/hd_m_2380.partsbnd.dcx	17ed4cf36c4b9fa508365f4334f02174409119633fae66f46d90b6963c6e4558	1656192
ER	parts/lg_m_2110.partsbnd.dcx	c3c4eb6030590ee32037443b3d91d5e7a3818e886069e0eb4b5911baca219603	3838976
ER	parts/lg_m_2380.partsbnd.dcx	67a4048283bd432d554647337b3954090ce5be959fbdb19162c01ed45b95f9ab	3423152
ER	parts/lg_m_2770.partsbnd.dcx	15a9fd2b206a9fb03b83e792a250a700ec7d213b1c7bf879ca601f35d75d6199	3425744
ER	parts/wp_a_0255.partsbnd.dcx	26b9d403cf6b38225ba6143e8846b68294c60b88b6105759e7c485069aefa26e	1089552
ER	parts/wp_a_0255_l.partsbnd.dcx	95c74de9c02f08294f62deeb4c785f860a658d05933594190e551dfeb52a2dad	340688
ER	parts/wp_a_0270.partsbnd.dcx	938b78bde5fb0e0581f898a3ea0861a9b8138d059c2202f15471f4f07d600770	1760192
ER	parts/wp_a_0270_l.partsbnd.dcx	d20e75bc26f0e2a751055e28f41e412ccc1285179a962253e4d9b73a8c591fb1	539088
ER	parts/wp_a_0272.partsbnd.dcx	0ddb572ec1219f13ff901b863e93f9c4953a610cc5d36f31ba27ad90ceafb8a4	1876944
ER	parts/wp_a_0272_l.partsbnd.dcx	b750b7aceb4b3bae5cb5c9b6482dd1a32fff174b9cb2531e8a9ea84c032ce0f7	519840
ER	parts/wp_a_0273.partsbnd.dcx	9f9d711b3aa1f938577708388d7e2ef077b8b2debb989691e01b712c890d27bd	1376368
ER	parts/wp_a_0273_l.partsbnd.dcx	6787ba5b3959f0c029970e653cf55363ed4a2583827cde5e87102bef6743c1dd	392464
ER	parts/wp_a_0274.partsbnd.dcx	c9d04d60f1aa782f241eec2e5eb049f38f141a4f2e76cb96215d22340f7b67ae	1742064
ER	parts/wp_a_0274_l.partsbnd.dcx	d4896ae9342eb6fbc6902c3b24b389f581be7221c6ad7f7d0145b26a8083cf05	496272
ER	parts/wp_a_0559.partsbnd.dcx	5346aa3f3e711134bbdc6791d8494bd4237faddd74bf04fa3a4ee17c433b45b2	1578336
ER	parts/wp_a_0559_l.partsbnd.dcx	b8f32a4033aba967fd77700dbe27b34fb16fbda7691e051992472cbb190ecc4a	456944
ER	parts/wp_a_0635.partsbnd.dcx	5c040e82a76e6b40cbe46c6ffc1dbc44d494a482fc052925824bfc88b52a201e	1748320
ER	parts/wp_a_0635_l.partsbnd.dcx	40766f2d6f17acea6a34f0a5bf3372be1752a9cf9d56f575be447e0249b3627a	525200
ER	parts/wp_a_0638.partsbnd.dcx	bf15c08424126fdc4829da5071a68bf14c7c588843060a4fc6d4a430d94f7f22	1905648
ER	parts/wp_a_0638_l.partsbnd.dcx	1c7298b132ec7ead05c9f09c664f8a8d7753fd2f0a93d4f13b7e4854d47431cc	662992
ER	parts/wp_a_0639.partsbnd.dcx	6bf063e8eff987a783838ddf1160e0e9ddffed17b2b932bd5e1dff0a84352e3d	1794768
ER	parts/wp_a_0639_l.partsbnd.dcx	498d60d45f244824bc8f3f389393a016498aaeab24f9a69b74e45e7e237e24fe	529360
ER	parts/wp_a_0877.partsbnd.dcx	8439943a5a731b4998f08fd1bca07034ff7eab4266d1f7879e3c3edabd99fbd8	2194848
ER	parts/wp_a_0877_l.partsbnd.dcx	23647482fd26d2436833736b578e150a68d04672a47cb1afc674edc19c13febd	634288
ER	parts/wp_a_0882.partsbnd.dcx	142b943ff026492c2afeefe416b6116d9001e2159ca30667881b4ff36cd5f777	2712864
ER	parts/wp_a_0882_l.partsbnd.dcx	41076d905770fda2238e1f3e2407c899f67440dd0f7c3bd08a33729f2807648d	1295264
ER	parts/wp_a_0940.partsbnd.dcx	aec5d86d40296c7332083331ad9ed9245c5f7076be1db95ffd6cdfc87d7f0c82	2039504
ER	parts/wp_a_0940_l.partsbnd.dcx	57a727e43628c45159067d9c42ddb21af393e63c7a5d8a078aa7c0618a228665	706704
ER	parts/wp_a_1059.partsbnd.dcx	341bd03c3044a472d3259afe68ebb59b57b813fc57548544f3d3273d41ad2f49	1795328
ER	parts/wp_a_1059_l.partsbnd.dcx	b0b4730de7d5c4aad590bb856f602778b093603f2999f445c3f34946620fde9d	533536
ER	parts/wp_a_1111.partsbnd.dcx	7681fc3c4c3fc1a471c66845cbaa2c296fb40d9a7a387f9d5af419a4762adaf2	2196592
ER	parts/wp_a_1111_l.partsbnd.dcx	98d9bbf714a120fac020cad129bf4d2bd57877796e6e868584fc1c605f83ce90	680656
ER	parts/wp_a_1170.partsbnd.dcx	e3bd3b9ae2ec334ad1356797e905d690f411be01e3af8e2e5c78d84203485b29	1323792
ER	parts/wp_a_1170_l.partsbnd.dcx	076079af65c2beb9d369a4d565cd86da9e2cdace7653c1012b1c711f0c1e1507	476384
ER	parts/wp_a_1370.partsbnd.dcx	1bc3b5e119f05675d04beead92eda13158885f0745bc6234900fab28a68b6e3e	1669024
ER	parts/wp_a_1370_l.partsbnd.dcx	293b3f69a1cb194ae63a488c8417df9c7d8c46a6d0e68f9ed029cf8e4d47313b	521168
ER	parts/wp_a_1423.partsbnd.dcx	cb1df8e73487381e9035f82d460f35cbcb345bb3fdc1f73e9f13c4460011faa2	1970368
ER	parts/wp_a_1423_l.partsbnd.dcx	3070f8f43ae40aca9f9651e1ef54cb49e5c87cb0ae0533b4e20fef88d979911f	650656
ER	parts/wp_a_1515.partsbnd.dcx	e62973882650e2117d0425a9b724ae3a8732f73651edf2a6711373e76569b76d	2277392
ER	parts/wp_a_1515_l.partsbnd.dcx	367451204ed8fc95c3573cfeea128ef7a2c66e30aabf6712e2a6021d3fb782f9	831232
ER	parts/wp_a_1516.partsbnd.dcx	bf78cae3228acb5dd94840e0ff1ade7af0c36ca30486856e6b10675b366eb743	2013520
ER	parts/wp_a_1516_l.partsbnd.dcx	9abca06ac84131036929f97a361db7c2ba9e4d29e067e17bc88c8541030c3c7d	658912
ER	parts/wp_a_1550.partsbnd.dcx	107092c86a61fbe7cecbde0a5f9b8a21c78816ec0b81e61b84094f3487fb6cd8	1806816
ER	parts/wp_a_1550_l.partsbnd.dcx	7ad6f2ea3535ff597b1a8822f43f14d0b8ac5c0442a1f28f83388510a47cd653	493808
ER	parts/wp_a_1570.partsbnd.dcx	111cd646a5d924aca1dfcb72352f969179b77ad24a379afe366592472a9f7349	1662464
ER	parts/wp_a_1570_l.partsbnd.dcx	e9b90c0b0d4266af678657b3a21f886b004b75bc004d558ddbc9bcedb0c8cf87	464416
ER	parts/wp_a_1571.partsbnd.dcx	12d0b677fd284b05a0304e0505a7a922553f414cc813e73e3fce96965e7aabb5	1772896
ER	parts/wp_a_1571_l.partsbnd.dcx	4387472eee7c922d16af9c36f8de09aceb53dcfdcffb1c3f1f5b9318fadbc297	508416
ER	parts/wp_a_1572.partsbnd.dcx	4e979d82aee8ea790d8f4072ae8f478812ce5953b280de65a909cdec76ba8d03	1915520
ER	parts/wp_a_1572_l.partsbnd.dcx	93a749699c9be7c9bc25075b87050ee5737f899ab58bc090ab8cde823beeb90b	688448
ER	parts/wp_a_1600.partsbnd.dcx	a4eba7c4c423f1191831e19b98764f27dd903dd2a08b2e386a9703aa05b238f1	2336864
ER	parts/wp_a_1600_l.partsbnd.dcx	a205ef5bde7721c38813b4207e65ebe168664437f7db05e4d6fa0797b0e41363	756304
ER	parts/wp_a_1601.partsbnd.dcx	fe782577a63e9c274997652462603b0cb7109253dddb257c4180288e01968941	1958928
ER	parts/wp_a_1601_l.partsbnd.dcx	24a77571eb511068939f60542f641610739ea027c70d723a7b8a9ec4792c0afd	613264
ER	parts/wp_a_1670.partsbnd.dcx	2c2e855a5e67573028ad0cd7224257aecd5e1bf061094d8b845205ce1daabfb4	1984832
ER	parts/wp_a_1670_l.partsbnd.dcx	83e21a1917e379509aa9ff245077d6f3ce3dba81e31d8b0445b7f34e1df8664f	727920
ER	parts/wp_a_1671.partsbnd.dcx	ff9038f1b0e49ec77fb0f695d90c46c78907814bcfa43addc037e7aac384d3d0	1939632
ER	parts/wp_a_1671_l.partsbnd.dcx	09499ebad32a140284897731e24ef64b70386def1db36c1c164012744865da48	687136
ER	parts/wp_a_1672.partsbnd.dcx	22083e3c20c0ef13fe657ac477acb4c6554fbc5a6d6047741ab07c710ead0229	2004496
ER	parts/wp_a_1672_l.partsbnd.dcx	74350421f8c251607568fa97ad6c12a577b35a7ba91397a5f963f388ec40307f	646944
ER	parts/wp_a_1680.partsbnd.dcx	e8b02ee357cc4dd248b939401aa25877c3a3860a28bea8003912f74d49b9c90d	1727072
ER	parts/wp_a_1680_l.partsbnd.dcx	cd64cc7daeab7cd0de38b03ca295a5df51c0b7b00302bcabde56f95377c07fa3	494432
ER	script/012000_battle.luabnd.dcx	039ed03a10a7574d7cdb691c13a9d07274b09aad4c466fa0d87be8b646551bb3	1504
ER	script/020010_logic.luabnd.dcx	8fc2c900a9f413e7d04e269e0deb44c4ef0902c8c073ba8be5cb9d9ab2a39a5e	1344
ER	script/042700_battle.luabnd.dcx	52432240eaaf7f6f6f0b5a4174a79c147f75bd1b5315871d528e8c450c13900c	3232
ER	script/201000_battle.luabnd.dcx	105daa723c981068451d2a5c19fbda696416fce76e866ca6afec6994db6a6c0e	6272
ER	script/203000_battle.luabnd.dcx	7176f21ed6aa7fe2a9f7db7dc389d739c6cbba49a5c26b674848d5e2ec114bce	2896
ER	script/203100_battle.luabnd.dcx	1aba1df391e01d8e6a65215e50e930192602a543d4765b21e5834f3da8b83d82	4960
ER	script/203100_logic.luabnd.dcx	a9f29ab0503f06a80961ceef75a4f6c025bdc1fdf1c174861a3b9d5ea8174517	976
ER	script/204000_battle.luabnd.dcx	02a30eaffbe0840511d5ba4a2157764f34f54bca9ed782907635b761716ff2d1	4384
ER	script/204000_logic.luabnd.dcx	803cca5401a3a991dc60068d0632c1700a9895e511aa8e97c207ac7f3f380d3b	1072
ER	script/211000_battle.luabnd.dcx	7a56b444677f02679e26ff969ad830aec8140301575075131eeb4abd91a435e6	3952
ER	script/211010_battle.luabnd.dcx	8c6bd88c29a788154f575dcb801110168b9d5cd4188d986c5e5e8dbb0c4c4bbb	5664
ER	script/212000_battle.luabnd.dcx	9136b7b75977339459371ea62cd974e51db8e3d84320c487c6afaea991c2f738	11952
ER	script/213000_battle.luabnd.dcx	e780a5a93023bb9099b281bc3bbab8e90357bb2954efa87dcb7d3851ed069fe4	6656
ER	script/218000_battle.luabnd.dcx	a8bd149056dcc2ee8314ea71c02eefd276e453f310cfc5b3345603b8bfde6978	5792
ER	script/219000_battle.luabnd.dcx	ec83390945f69a895571f9cbcf986dc30b6ffcc4d98b52ab18543dc6b5e5ec36	5952
ER	script/220000_battle.luabnd.dcx	49cdaf438b938892dfaa84ea9736a5a60d5caef4cf113f1b4652e7c9e70a632b	4320
ER	script/250030_battle.luabnd.dcx	768efd53006e4fd242cc5aeb0079d37b2aabdfde89e59e433f9cfb0a8836a515	6400
ER	script/315010_logic.luabnd.dcx	dc987743ed151683e70e347f6254a67b6dfd9bbf158c2db0cc251ce9bdf626a5	1568
ER	script/321000_battle.luabnd.dcx	78119b56ed9ec4494a154704bb3bf4e36c8f1174afa613863cfa842fdc13ae07	2880
ER	script/325110_battle.luabnd.dcx	7aa8395ae8124e35e2f04a5e14e1240db28824405ecfd6dd363a0329e2e0d3a2	4720
ER	script/325210_battle.luabnd.dcx	25bfa4922bcc504ea5c55ed5eae6ce5322872f847a5719932696c1cb88f21723	6032
ER	script/347025_battle.luabnd.dcx	fad51dcfe685cdc35af74a16638dcfebf16f8724b87356da4ece0a7de464faf8	4080
ER	script/351001_battle.luabnd.dcx	6d55d3e2027ac2cc68d6580433605ec666322dc1be873018986efafef759e0d5	4016
ER	script/351002_battle.luabnd.dcx	039e28fd4b901d17eb314e5c71a29d9b9ea8bd73e5dd5ef3b7eb69d2c348c7a6	3840
ER	script/351003_battle.luabnd.dcx	4c3c8c3c0b12e643c8e9f7984746a0897a5012241056356192181abf43baa8fb	2896
ER	script/351006_battle.luabnd.dcx	20fd8506c973fa67c62afd717c5cbb2e6a536a323a5e16cfe654622c96ae93bb	2496
ER	script/351008_battle.luabnd.dcx	5d4c39a59500cee985fc88ed87b68cc9b291d9455fb7140b1f6e1acd5e2b0e5b	4032
ER	script/351009_battle.luabnd.dcx	c5d4547094e77af0d4a81e825617d0faca36a551dfac4e1d2c6a9b69aa2d0a6d	2544
ER	script/363000_battle.luabnd.dcx	6b7e97bf04ab5da3657137a38c68b2cb3b7380d278e9b5bf4baac652de391031	3744
ER	script/366500_battle.luabnd.dcx	06b3ee87e11a9419a4c654f9aa9de28b5b072a10663f608ab27e695b9e288042	3120
ER	script/367020_battle.luabnd.dcx	4d6b1c57635afe0369950b5283f06cd6f9518041a33823e03e48cd91ada850e6	2640
ER	script/367040_battle.luabnd.dcx	a7027db327884d291f8752e4081ecd8a9eb91c6301a0df6d147bff9204c54b47	3040
ER	script/370000_logic.luabnd.dcx	6353c8415f2afb5648f9d3fada28c2fc2b2cfb5d143f2f0058f2a25eff202bcd	1056
ER	script/371000_battle.luabnd.dcx	855990d21b2431b54b65ed62536533e4059ba0137cdf4df162e2b47ecd2c99dd	1472
ER	script/380000_logic.luabnd.dcx	22c59a39b7d998dab83ef1444f2540feb4a2aad438ae7cc5497753a2785166b5	1040
ER	script/381010_battle.luabnd.dcx	624fd621e986dcacfa8217fd8d3949b6b5cbc9cae919d3f3924eeca8dcb902d4	5696
ER	script/386000_battle.luabnd.dcx	a9acb1ab19ef7d63e14e0981550ee63706982a5413881e002086160288054a33	4880
ER	script/386010_battle.luabnd.dcx	1e15aaf638907a61ad44aff23fcf689170433aa36e5c683d750365bcba768850	4896
ER	script/391010_battle.luabnd.dcx	1ce62a8c37ff310b698feea236f4d1cf65cea31f2c74e0a0b06397893a3bec31	4656
ER	script/395000_logic.luabnd.dcx	b3bf5c1ff21345d3c502e6fa067819398e164fd6ab2b6d7d2f879891de5fb967	1504
ER	script/405000_logic.luabnd.dcx	7df3ff8f1fe9159391689d63b3b23177d6223b4544d5ad975f49d37822b3fb9d	1088
ER	script/410010_logic.luabnd.dcx	4b76986b54d7f2e05c5ec6a7ebe130649aede548320bca3760bbd03ca37598d3	1120
ER	script/410090_battle.luabnd.dcx	5819919291b0d8b56f24513e824160f3a38f3539c3ab93593c057183dcbe8294	4208
ER	script/411010_logic.luabnd.dcx	af18f1383a134d16b5421d2c6573ebc4b4867e973fce0e3645dfa4c2cb9e2738	1088
ER	script/412020_logic.luabnd.dcx	16400b192e08195ecba9809d99935d730308083d5a8f183534a137de34b54006	1104
ER	script/419000_battle.luabnd.dcx	fdf74a93c83f62094e6dd11ae841085217627b05204d3e4614d6b8070f46b8ad	3536
ER	script/419200_battle.luabnd.dcx	af8167d168facce9575287b9561fcd02437480ecbf52dc0d6621473b0c865e5d	3600
ER	script/422000_battle.luabnd.dcx	ed118e1ace0d89b49e9da4919c49e5858fadd6410abecbdf0b33271718472b6d	4656
ER	script/422000_logic.luabnd.dcx	9d505610ba1e2ce15eeb848073f084084b9d40f875db2d9e862d4ea864f6c7ae	1040
ER	script/434100_battle.luabnd.dcx	066ddb458266e6140eeaff30028563369bd318b699230e6c3f73ccc169bb8897	4080
ER	script/434100_logic.luabnd.dcx	eca91c4033c646276d7f4407b6c66c249ad202ba840d5022666a89db895ab160	1312
ER	script/435420_battle.luabnd.dcx	3888b541eea53fcd39bd915ecf9521ee36f52701ad4b86271542ceb2c496050e	6784
ER	script/435430_battle.luabnd.dcx	0cad724d4ffee9bc87a4a81db11b1e5e087e6cc1310d8f5e554a150f06a733cf	6800
ER	script/437000_logic.luabnd.dcx	fa293e43f5932d3a67a533314599f150c812cccbc6ac4bde0ca9b70751cd2101	1056
ER	script/438200_battle.luabnd.dcx	a92a650da25a438fbe00352e4b6287e1f0bfbc038d5bc458468c6ac2d20df0b4	4096
ER	script/438220_battle.luabnd.dcx	a8ceccf1da9d7c5827bb25336fdd500ecaa1a6182cb94199cdde0dac1d4ee7d4	4496
ER	script/438240_battle.luabnd.dcx	9db8fbb81962018fef4356f2c88bd8ec6042aa9387dd971cd6b0529f60a29230	4400
ER	script/438250_battle.luabnd.dcx	32fbf4e026a61c6613c63b0e97a2f13d149543fdf8b7dba1c6be4bfa33967c5e	4192
ER	script/438260_battle.luabnd.dcx	c7620494d274e6d5acca7dc66bb83f25de4bc3ade0d97026c104d258209e99f3	4144
ER	script/442010_battle.luabnd.dcx	d4c3015a9cf45c3cd2805f78d91d6cc726699e00b2d503a0546da89b1e931179	4976
ER	script/444100_battle.luabnd.dcx	64abb232f35fa7e4ea2940780bc3d0264dc60c97e07f9eb4d1e23bc769cfca5a	2864
ER	script/447010_battle.luabnd.dcx	50e07dfe6bfaf0f2f952b5c606f16dd277c356c654fd24c1554dbf243bd9a066	4560
ER	script/450200_battle.luabnd.dcx	3ec9bd7701fa00fd904918985d2068a38ddc81c899cd7e62484996a296e98350	5056
ER	script/452000_battle.luabnd.dcx	f7ba12355a63d592a15c182add2674724a1cba5f7bdd034130ba2bbaf6067ca5	6400
ER	script/455000_logic.luabnd.dcx	fb7d26e959f6371db5b363f4459b65227ecb33b56e5b33c88f8abe4ebe05fa3d	976
ER	script/460010_battle.luabnd.dcx	d1d63d71a34a42c4754dfff8a51f4d90b88ef4351e054a9f76a2d2f9141747f8	4672
ER	script/460010_logic.luabnd.dcx	a4283f1e47642a9efcec8f59eb8d98e5467b282d90917d23b9cb813e3b5593fd	1648
ER	script/465020_battle.luabnd.dcx	3f42f4999298a4b3e118e47c99ae06a62c7b081f0bd1bf76b411a28253afd102	5056
ER	script/465020_logic.luabnd.dcx	b0d73ee7c2bf6d929877bdf48adaba4c7fddda0bf50ca4ddafd5d9cc5d7b4169	1232
ER	script/471000_battle.luabnd.dcx	2f27defb5e2d4fe01230f547d3648164a82f82530992dd30c4f456e0290a019a	6416
ER	script/472000_battle.luabnd.dcx	86b7e11307a14ac5c0f41cf8ce1a709e0fe9e3741f8f788f9ddf6086aecb24bc	5520
ER	script/472100_battle.luabnd.dcx	5e8a5ef2c6cab4db2fc8636d9b498c5993741dd51b7f9cb93a96e356d5ce86e1	5824
ER	script/473000_battle.luabnd.dcx	3428480e8d438db599549b319554f553a25b60dc575d9f58f116f3636326c47c	6112
ER	script/476000_battle.luabnd.dcx	55d0a855960f40af371defcd618ce10beed0a8e110f4f3393adfb76879ea22aa	5056
ER	script/500000_battle.luabnd.dcx	234359ae59565085a3f7467af472db31f63ed4dcfad014ac0fb858e11e0e138e	5632
ER	script/502000_battle.luabnd.dcx	370f6f967f8318023189cfbba94225813319278e5acb85733e4324d5fc005625	5728
ER	script/502010_battle.luabnd.dcx	26059c1aca74ca212f1d6edcf69d136206279213ccc3ba89a72d293a9c29b120	2160
ER	script/503000_battle.luabnd.dcx	bbde75e549b24d0ae95fb1202657d26f8f8e3c268014609e3f11137f42172245	5248
ER	script/505000_battle.luabnd.dcx	7badbf9913db5fd5cf7c81603ba965b99e7ae8cfcf73fac841426de895551a76	3168
ER	script/505100_battle.luabnd.dcx	8aef90f65cb3f63e2600d92a5cb5ccac239ac09e8b4aa37235b081efc90c9e2e	4864
ER	script/506000_battle.luabnd.dcx	0805aa64325860c2809ad318f5dea47c4fdccfc3c79330f581eed26d6b1c588f	4256
ER	script/511010_battle.luabnd.dcx	f8940e3d5804d6835872f67987f24dece1534b8aef60b60f86d4bfb7da27787f	2336
ER	script/512000_battle.luabnd.dcx	ca33378d49d73a963ddf0abd6d181a9a37c0c1aaad8b1898de790d2ed718e942	7104
ER	script/513000_battle.luabnd.dcx	aa546e543e161cb22bddebab169280bcfe17272aba4b145720fe0fa5d2fddd4c	5664
ER	script/517000_battle.luabnd.dcx	b68535e0c8817ca6572147c9e86bb3a083f2f7e2d954324cffbb87051ad70ab9	3696
ER	script/520000_battle.luabnd.dcx	0645b58dff46a260c9f5a9ace547f706a2eeb1395b2b1f25b8ddee50fbc9b090	5168
ER	script/522000_battle.luabnd.dcx	5b401d1dd66d4ae57671dbb45f11dabcd0fb7854b9143172ec23d3ba338354dd	5648
ER	script/523000_battle.luabnd.dcx	e45e2f1e5710218c33ea4631fc475c14df3e49c1662c53f1a87742ac22786b5a	5984
ER	script/525020_battle.luabnd.dcx	150bbe7b888fbdcbed08e2e3b87a371fd97e1db55b8ba2377dd14a846145965b	1952
ER	script/526000_battle.luabnd.dcx	ddcb42645928a032210f16881bd274f3e69d80684d042a8ca46b6bf9d9f5d5c7	4528
ER	script/526010_battle.luabnd.dcx	0abafd91722a0cc95369c1eeceebe79f175baa96399578eb3060855e6c021157	4720
ER	script/526020_battle.luabnd.dcx	ab6d4643e9f3ce98d7e8620e8103605ed1604011f4c7800dee47ed9477bc3d1e	4784
ER	script/527000_battle.luabnd.dcx	7a68119cb6578b11b4a5859fef2ff240f0bb48d335bd6ac0383fc457d641ecf3	3744
ER	script/527100_battle.luabnd.dcx	109a216dd144bc60e167844ebbe4661b423cf67699bcdb91ca085e09486b65c3	3616
ER	script/528000_battle.luabnd.dcx	2d7d781aa0bc14a2724ed98fb10996886bf9b0e400f1a1ccadafa7146cfde054	4240
ER	script/528000_logic.luabnd.dcx	e62aaa9348e9c0b4939ee32916b56ab5d1f952c200e79df13b52315f26be2096	992
ER	script/530000_battle.luabnd.dcx	3239365483e26b0a85c99c93194fcdf093d7e3fb4d6826c66325d1853d3f4853	7712
ER	script/531000_logic.luabnd.dcx	ae6d54006066b0ea6767f9956f6cdd52468a32c0c0114b1f8e10161aa710c4ec	1168
ER	script/535000_battle.luabnd.dcx	45be47a08da77025312e24d72d116950cdcf4bbf2665f9473c9e554c5b1e4a5f	1152
ER	script/536000_battle.luabnd.dcx	0d4f5588d6b2de24062332c329cbbffb9a4a8693a2445956318ea049efc5a05f	4032
ER	script/536010_battle.luabnd.dcx	87e7e3592984a6e7d89601cebef621a0dfd5da3160dfb37c24448ee5100ce64c	3456
ER	script/536020_battle.luabnd.dcx	531d64c069e78a20e64cb98523b31a38425b30acbbfefa172b43a493e15d9d1e	3568
ER	script/536030_battle.luabnd.dcx	9e2d4a6ecee6200c420f855509f0467191f07c64f50595159c3633211fa67028	2880
ER	script/536040_battle.luabnd.dcx	bb816ddefcec00e2c2b92ed3b92e23a3edc2b76232ab19959cd22fcae43a3a45	2688
ER	script/539000_battle.luabnd.dcx	3dd842ebced117a446f544afed9c9017ca87d518ca45356a2eaa7ab2acdd0104	6192
ER	script/543000_battle.luabnd.dcx	02e64926a9a80bb3474e65d840cb9da9b716ffca309191e554cfbf6d46b5b14a	2608
ER	script/543000_logic.luabnd.dcx	228ea1adfb07b84d21fb60a1a80865f7a1d3274cddadc339e60bab718da3b375	1344
ER	script/550000_battle.luabnd.dcx	8915614922482ec14fa9ecac33957a02e256b26d1995f48bdd43a1216817a641	3936
ER	script/551300_battle.luabnd.dcx	12ad8cbd7343191a9c63abbb4d2ed7437f794ae42bfe14df9dd745b1a2e09a2a	6928
ER	script/556000_battle.luabnd.dcx	ae2642d26c316d923933974b7bf6e21ee5767252c110f345c0987fd30f051c71	3648
ER	script/556000_logic.luabnd.dcx	89acd3f4e68ba0a9fc879b09173bf9bd89ff8e5d4054fe085f3f71045aca8cff	1264
ER	script/558000_battle.luabnd.dcx	5371de94baee3f23c601c5c17dd50a1292d05b0f37c0a3cf8df0a4a2fc32705d	4896
ER	script/560003_battle.luabnd.dcx	cc6d7472d397f0f46613edad2b229c5de01009a2f0f1199e67c0c3707cc1b567	2928
ER	script/560006_battle.luabnd.dcx	d8362af977e950522bec52b635d30c3cde1d92321352f1d20f3310ab588337a0	2608
ER	script/562000_battle.luabnd.dcx	5dff273aab24e87db6e212564e6edc2d7adc78ee2f0de16c9e30f0b900eabfc3	4992
ER	script/565000_battle.luabnd.dcx	a39a97b2cc73027f41417aa7930c5d73f4db90327b29427b3b8b6ca1e256cdfc	6272
ER	script/565010_battle.luabnd.dcx	b092d6aa83c8878f7aed42a66256abd5e2afdee6e6d5b7af9c83d7425396b1da	4864
ER	script/566100_battle.luabnd.dcx	ebedd694565ed1c0854db6f08413140a9a25754a2d4b7725e2d15681b72fefd5	4096
ER	script/566110_battle.luabnd.dcx	aa27e41ad595bad9aa9196397161f2f07add1cacb19c20f1c3dd1434eac21b88	4176
ER	script/566120_battle.luabnd.dcx	2eb31b67faead6842f8ce88ac44dd12931b9ef367451b9a2b61b6efa9ac66f95	4240
ER	script/574000_battle.luabnd.dcx	ec5ae2c2271ca899a0d9cd752f6ecd25b13bbd6e769164083a287c1354f02d08	6192
ER	script/580000_battle.luabnd.dcx	51b8304d6856f974edaf11e79d7c9073ba700e8de46c2669911443727bf8258c	5520
ER	script/584000_battle.luabnd.dcx	12e654b1fd2dc2a4b0f3694973a322f7df42aea600938735c0616b248c10018f	6912
ER	script/584010_battle.luabnd.dcx	1085a75250e12bbd34ce69936bd6cadf0dd09c48bc817193dd12fe57dee84f2f	5392
ER	script/585000_battle.luabnd.dcx	48ab206f32346bff2e6fa41d4caf9dcb6fcbe53a949fe21146906e66dbac1681	2560
ER	script/585000_logic.luabnd.dcx	1c8d5b4a14f71bd77bf46ce57cf812f439e194d26003ffb8b775d2a32eb1671b	1264
ER	script/587100_battle.luabnd.dcx	6038494df309ce25afcfbc480766862c887761f6a9edf97956e4a019c473359e	2928
ER	script/587200_battle.luabnd.dcx	42ac8e9683335529568a603ad1222108257e98168f0e3e0b49725b0fe71137ea	2992
ER	script/588000_battle.luabnd.dcx	1438ed6367de48f55bbff6ace8645d4f47aeac31a0740957c8de08f9c9f73d14	3552
ER	script/589000_battle.luabnd.dcx	cd199f6795aa210e5da7a08c1b5e326701469621380280d049d9654e8f0276a1	2544
ER	script/594000_battle.luabnd.dcx	e2f389d656097a18d0cdd9806b47949229f0d754454e22ff68305733ce155aa5	3392
ER	script/595000_battle.luabnd.dcx	c2d684a739704f6c07a2e42db6d79290556c1956dc4f95d72748a221f7aa11ef	4688
ER	script/601000_battle.luabnd.dcx	81c6534d89ba557f9e4f0220b3d066fa74a57ae291279e79f045a95782641c78	4048
ER	script/601000_logic.luabnd.dcx	cb4e273c6c137c380c2480bd1082f165c419506671d5db9d2ce23f6e856d23b7	1152
ER	script/603000_battle.luabnd.dcx	7fe2b0f75bf2ab8c5e8bee4393d57fb81c4331d9c642f8da63e6b0a4083efa9f	4080
ER	script/604000_battle.luabnd.dcx	8ca05abe54bdda57dc8cc2a0cd1993375f683bb7b5348d3e97fd65bef825d81b	2576
ER	script/604000_logic.luabnd.dcx	2e34c853b574032463af7d8064fe7504afaafdf405a5fc82ed46484016b60992	1360
ER	script/605000_battle.luabnd.dcx	af88165017897ffde90a48494fae48bb05946ecb6ad587bf5994b5b4b91fdd8b	3392
ER	script/605000_logic.luabnd.dcx	d190d6412aa78c420954ac87f84855556731dc7e4b1745e5a64d8856e33aaae6	1232
ER	script/607000_battle.luabnd.dcx	c4e461a62f716a8717a69459e018761257be29db4cce41ca4298ba544e21c2b8	3392
ER	script/607000_logic.luabnd.dcx	7aab37d885a855bc6ea2566511c8792101e1aa28789f93be66305a7c3ea92601	976
ER	script/607100_battle.luabnd.dcx	0ad11c87dab6a447e8ec48a006df3e79c17e89a30a281067aa0c70b50c78561d	3280
ER	script/607100_logic.luabnd.dcx	228cdeeb9da58262a5025c87d715615d1ec65ef65cc4492142a1d455c1b35243	1056
ER	script/608000_battle.luabnd.dcx	96c9a6ebff43e100f621b691f67508f25a2bfade513aaac70a60fd9aee533ce4	3168
ER	script/608000_logic.luabnd.dcx	40758fbceb8ca642ed3379653844135b2184ef35f5cf48ff152fe6598b46d685	1344
ER	script/609000_battle.luabnd.dcx	5dead0e9c6f18133947bfdf88f116937cfa6dee84493ec42eb83d92f30ebabe5	2352
ER	script/609000_logic.luabnd.dcx	915874372a7da6d88ae4fa4a9c883f216134e153ef366a17eeb038299bbaedc5	1232
ER	script/610000_battle.luabnd.dcx	156e38a3955e4be7a59a3fe779798f3d3b3d8dca29a76aa1532f89f6db0d509e	4064
ER	script/610000_logic.luabnd.dcx	7ff6ea2248d99bd1f7aa0a8aeb051ed71a6b008381f4572655eb4d6ec4094aea	1440
ER	script/631000_battle.luabnd.dcx	6dc1a4b5c111e17ce2997c1820fd207a266c4b8fd63dc458a2ca41a4e7aa7ffe	6864
ER	script/700010_battle.luabnd.dcx	a57684d1826e7246139262057e7834d1141e15112a4922144e97c31a02908194	3776
ER	script/talk/m18_00_00_00.talkesdbnd.dcx	60f39648a13227b9902fcfd7077c47fef120c19f000d261e5a29a0c2b8751d50	3968
ER	sfx/sfxbnd_c2120.ffxbnd.dcx	e015542db0b729089f342fd2c2fd0947cbdfbff797b1f4535ebf3267cf7b97d0	101232
ER	sfx/sfxbnd_c3702.ffxbnd.dcx	049fc2c6c35d2449e8ed55297bde898d53e2f8c9ac37b9dfb0d9e134ee094fff	6976
ER	sfx/sfxbnd_c4220.ffxbnd.dcx	9d29b9f3962cf03858ad951e0220abb8508b78d37f912f41437bf845cfb2fbaa	462800
ER	sfx/sfxbnd_c4710.ffxbnd.dcx	33e3412ae90c7732acebc0b381563695c7ca1721408657b37588538789c65877	190112
ER	sfx/sfxbnd_c4720.ffxbnd.dcx	6db29ded25192da78f0be4925c33656c94c7ccf897d619a6d6d1065ea1d11e24	50592
ER	sfx/sfxbnd_c4730.ffxbnd.dcx	472de083677b12925f8da0f4c43160dff8b5875548e241c12f11f66a12f09266	96480
ER	sfx/sfxbnd_c5000.ffxbnd.dcx	0ce9e0c4aa57a777ea2ac73b0cb3493521f4e11db46825861cf82dcc73babbf7	79040
ER	sfx/sfxbnd_c5020.ffxbnd.dcx	9c8531e2781db1004fd2878a68e2a614a5627fbcf85f19d1916ad13636dd753f	32848
ER	sfx/sfxbnd_c5030.ffxbnd.dcx	4e87544da8e383963eade244ec01ef20bed418b0fb8d2ef67424f1766cab98e7	98816
ER	sfx/sfxbnd_c5050.ffxbnd.dcx	e090d160065bcfaab1f36eff43ca770a05081ba35dc4b96b3bee3ed032561c35	100864
ER	sfx/sfxbnd_c5060.ffxbnd.dcx	07f28b43855c14b89df6d15bf5100bcf46231fe4edbc3514de2daa62298de7dc	176
ER	sfx/sfxbnd_c5120.ffxbnd.dcx	bf31a4913b47bf45b283a75bd9de06ab61a974511a3a1872014bd85693c7b839	219040
ER	sfx/sfxbnd_c5130.ffxbnd.dcx	130feb099924bd99d485356a01c1c8461df8093c1851ce4575d0b6ce09a19a84	123424
ER	sfx/sfxbnd_c5140.ffxbnd.dcx	728133bd06201eb2d5784c61d8ca3f407a9d3aba1ff4e3502c899288bb8c8955	28400
ER	sfx/sfxbnd_c5170.ffxbnd.dcx	9271c0d363345fb8a7bfff45f14d3d453594f393e4dc84fadbc956e86d29a006	89104
ER	sfx/sfxbnd_c5180.ffxbnd.dcx	07f28b43855c14b89df6d15bf5100bcf46231fe4edbc3514de2daa62298de7dc	176
ER	sfx/sfxbnd_c5200.ffxbnd.dcx	838210cbfe756e9105ba9edeb95305c319cd424c2f73c974bf7d99a7790672ff	109456
ER	sfx/sfxbnd_c5220.ffxbnd.dcx	4b932f6f7a0585986608391102edaee56c335bb51838562d00efe824948e33d8	172352
ER	sfx/sfxbnd_c5230.ffxbnd.dcx	9ec4aded58c0534eaa87c780f5d6b921c257275f88d60b9bfd144aee0ee0a92f	140768
ER	sfx/sfxbnd_c5260.ffxbnd.dcx	b9bb5e04163356d3c68df610b88fcc1bf63309d3661bd016dd33548114d04504	96400
ER	sfx/sfxbnd_c5270.ffxbnd.dcx	d2b86fe76bce0ff08bdb84a37a5a372e8115431c44b15637514869d4dbb52a1b	25360
ER	sfx/sfxbnd_c5280.ffxbnd.dcx	28140cb9d11bc85092f1cdd2ee870ed6f56e65f2c5bcce743c09a13ce9383ec6	21152
ER	sfx/sfxbnd_c5300.ffxbnd.dcx	322610ac33f2d7e553580970431d559a01fa6510fff6d5d16a0cadea0016ed3e	158784
ER	sfx/sfxbnd_c5330.ffxbnd.dcx	07f28b43855c14b89df6d15bf5100bcf46231fe4edbc3514de2daa62298de7dc	176
ER	sfx/sfxbnd_c5340.ffxbnd.dcx	07f28b43855c14b89df6d15bf5100bcf46231fe4edbc3514de2daa62298de7dc	176
ER	sfx/sfxbnd_c5511.ffxbnd.dcx	596b67e481e469dbac95416087a425cbfe4c7bebf852f48e7561cca265549d85	15312
ER	sfx/sfxbnd_c5661.ffxbnd.dcx	bc8e3bb4db0d97561602e3622f3573486cf76b92b7bf0759b225c83e9b859cc4	105360
